Date	B	Genre	Artists	Track	Length	BPM	Key
2025-12-30	N	Garage	REKZ! | freddz808	SCREAM OUT LOUD	3:00	143	B major
2025-12-26	N	Melodic Bass	RetroVision	Don't Wake Me Up	2:31	138	F major
2025-12-25	I	Phonk	DEVIL AARYA	MONTAGEM DIME DIME	1:06	134	A minor
2025-12-23	I	Garage	NORTHNIGHT	UNDER THE LIGHTS	2:21	136	B minor
2025-12-19	N	House	Elektronomia	Sky High (Carpe Remix)	1:38	125	C major
2025-12-19	N	Bass House	noaa!	HYPNOTIZED!	2:22	135	F♯ major
2025-12-18	I	Trap	zetuv	decay	4:16	110	G♯ major
2025-12-17	I	Trap	ALTOLESS	where have u gone?	2:42	120	F major
2025-12-16	N	Garage	Sync | Triangle | Eytan Peled	Where We Are	2:09	135	B minor
2025-12-16	I	Jersey Club	GASPXR | BroA$taR | W4ddles	you caught	1:42	114	G major
2025-12-12	N	Future Bass	Lost Sky | Shiah Maisel	Lost pt. II	3:08	150	F# minor
2025-12-12	I	Electro	Fijimar	breakup2breakup	2:01	128	A♯ major
2025-12-11	N	Electro	Abstrakt | weloveyouspydee	SEE THE SUN	3:04	138	A♯ minor
2025-12-10	N	Pop	Alex Hagen	Superhero	2:58	74	A♭ minor
2025-12-10	I	Phonk	Axzured | Nxxkz	LAST CHRISTMAS FUNK	1:30	130	E minor
2025-12-09	N	Garage	NOON | Martin Bravi	Needed You	2:04	142	D minor
2025-12-09	I	Jersey Club	GASPXR | CR0T0N	DOWN HERE	3:00	136	F major
2025-12-05	N	Jersey Club	KUČKA	Never Give Up On Loving You	3:36	136	G♯ major
2025-12-05	N	Garage	LOFIN	scars	2:35	133	G minor
2025-12-05	I	Trap	MXRCVRY	IKARI	2:58	120	A minor
2025-12-04	N	Trance	Sam Day | Zeli	SPINNING	3:41	145	G minor
2025-12-03	N	Future House	Conni	Tequila In My Cup	2:16	128	B minor
2025-12-02	I	Garage	NORTHNIGHT	HONEST	2:32	139	C♯ major
2025-11-28	N	Trance	Cepaque	Alone Tonight	2:45	145	F♯ major
2025-11-27	N	Drum & Bass	NCT | Southby | Emily J	Walk On Water	3:40	174	C minor
2025-11-25	N	Trap	KREZUS | Surreal_dvd	Fireflies	3:05	128	A major
2025-11-21	N	Phonk	CryJaxx | MVRPHiN | Lucy Malfroy	LA VIDA!	1:13	130	A minor
2025-11-18	N	Phonk	criticaleye | SHIRO | EVILDXER	shadows	3:27	125	D minor
2025-11-14	N	Hip Hop	Prod. 94 | DIECXLD	flowers in my head	2:04	170	B minor
2025-11-14	I	Phonk	MXRCVRY	KAWAII FUNK	1:32	200	E major
2025-11-13	N	Dubstep	Ailow	Godless	2:01	150	C♯ minor
2025-11-11	N	Trance	ADB | D4N	Feel That Way	2:51	142	D♯ minor
2025-11-11	N	EP	gabriawll	Staring EP	13:27	-	-
2025-11-11	N	Electro	gabriawll	Staring	1:31	123	C minor
2025-11-11	N	Synthwave	gabriawll	Teartide	1:48	122	B minor
2025-11-11	N	Trap	gabriawll	Arhaeth	1:42	122	C minor
2025-11-11	N	Glitch Hop	gabriawll	Innermost	2:18	128	C♭ minor
2025-11-11	N	Electro	gabriawll	Nyl	2:00	120	F♯ minor
2025-11-11	N	Pop	gabriawll	G for Grief	2:03	124	F♯ minor
2025-11-11	I	Phonk	2KE	LUZ ESTUORA	1:28	130	F minor
2025-11-07	N	Hardcore	Tatsunoshin | fawlin	Sunrise	2:44	160	G minor
2025-11-07	N	Drum & Bass	Warriyo | Laura Brehm	Mortals (Rameses B Remix)	4:17	174	D minor
2025-11-07	N	Phonk	MXZI | Deno	FAVELA	2:18	130	F minor
2025-11-07	I	Phonk	KIXIA | Hwungii | KREZUS | SXLLX	CRADLES FUNK	2:13	130	C minor
2025-11-06	N	Dubstep	FUZION | Nicche	HIGH GRADE	2:13	145	C♯ minor
2025-11-06	N	Phonk	crysstales | DJ YHR | HRXSTAL	Take The Sky	1:32	140	E minoi
2025-11-04	N	Garage	NORTHNIGHT	First Class	2:31	140	C♯ minor
2025-11-04	N	Synthwave	gabriawll	Recall	2:06	127	F♯ minor
2025-10-31	N	Trap	rghvarchive | redwater	Say To You	2:17	170	A minor
2025-10-31	I	Phonk	CryJaxx | MVRPHiN | Lucy Malfroy	NO PASSINHO!	1:27	131	C minor
2025-10-31	I	Phonk	Brevis	MONTAGEM MADRUGADA	1:32	130	A minor
2025-10-30	N	Future Bass	c8o	teamo	2:22	115	E minor
2025-10-28	N	Drum & Bass	Fryware | Minnie	Nobody Else	3:36	174	E minor
2025-10-24	N	Phonk	Slowboy | Zeli	Adrenaline	2:53	130	F minor
2025-10-24	I	Phonk	MXRCVRY	EPIC FUNK	1:28	140	A major
2025-10-23	N	Midtempo	Lost Sky | OPALS	Hero's Ending	3:37	150	G minor
2025-10-21	N	Phonk	SK3TCH01 | X972	la playa	1:13	130	B minor
2025-10-21	I	Phonk	Lunak	UwU Funk	2:07	126	G minor
2025-10-17	N	Phonk	RAIZHELL | CLOUD ZERO	KILL ZONE	2:03	124	G♯ minor
2025-10-17	N	Album	Various Artists	NCS: one4you	21:35	-	-
2025-10-16	N	Future Bass	Xaron	Out Loud	2:20	126	F♯ minor
2025-10-14	N	Midtempo	Maestro Chives | Marin Hoxha | Chris Linton	Warrior	2:43	90	E minor
2025-10-14	I	Phonk	HUNGXR | EXFERA	MOVIMENTO	1:33	130	D minor
2025-10-10	N	Future Bass	Warriyo | Laura Brehm	Blindfold	3:30	150	F major
2025-10-10	I	Garage	ROOFEES	LOSE MY MIND	2:17	140	B♭ major
2025-10-10	I	Phonk	JRIFT	CYBER FUNK	1:32	128	B♭ major
2025-10-09	N	Phonk	DIPIENS | HRXSTAL	INDUSTRY KISS	1:31	154	E minor
2025-10-07	N	Drum & Bass	Rameses B	Set Me Free	3:55	152	F minor
2025-10-03	N	House	Zachz Winner | Carpe	wooyawooya	1:47	142	C minor
2025-10-02	N	Phonk	LANCELOT | Acigode | SXYGX	Loop	1:58	131	B major
2025-09-30	N	Rock	Mazare | Drive!Drive!	Honest	3:41	174	C♯ major
2025-09-26	N	Phonk	GxL	MONTAGEM INDIA	1:44	130	A♭ minor
2025-09-25	N	House	Janji	Shadow Glow	2:40	128	F minor
2025-09-23	N	Phonk	HXI | Nateki	Round Around	2:56	122	B♭ minor
2025-09-19	N	Future Bass	Hoaprox | Dang Minh	PHANDUYEN	3:21	140	E♭ minor
2025-09-18	N	Hardstyle	Ailow | Dionysus	ILYBB	2:23	174	F minor
2025-09-16	N	Melodic Bass	Justin OH | Jantine	Funeral	2:57	170	E♭ major
2025-09-12	N	Hip Hop	sakuracloud | 99 God	miffy cafe pt. 2	1:33	126	A♭ minor
2025-09-11	N	Drum & Bass	NIVIRO	Uncharted	3:07	174	B♭ minor
2025-09-09	N	Phonk	criticaleye | EVILDXER	Lucy	3:03	120	E♭ minor
2025-09-05	N	Traditional	439*hz	Re:バース	4:26	65	F major
2025-09-04	N	Phonk	MXRCVRY	AYUDA	1:50	150	E minor
2025-09-02	N	Drum & Bass	Rameses B | Southby | Wigal	Do It All	3:29	174	F minor
2025-08-29	N	Drum & Bass	Cartoon | Fred V | Immy Odon	All We've Ever Known	2:40	174	C major
2025-08-28	N	Pop	RINZO | 茉ひる	デイドリーム	3:07	131	G major
2025-08-26	N	Drum & Bass	Karyuu | jaylenn	Another Life	4:00	174	A minor
2025-08-22	N	Hip Hop	Warriyo | Laura Brehm | Zeus X Crona | Panther	Mortals (Hindi)	2:26	90	D minor
2025-08-22	N	Phonk	CHASHKAKEFIRA	MONTAGEM FAVELA	1:35	128	F♯ minor
2025-08-19	N	EP	DR MØB | Chris Linton	Fearless Funk EP	9:50	-	-
2025-08-19	N	Phonk	DR MØB | Chris Linton	Fearless Funk	2:18	130	G minor
2025-08-15	N	Future Bass	Nolan van Lith	Did It Mean Forever	2:09	100	D major
2025-08-12	N	Trap	shxpe	Eclipsed Vision	3:07	117	B minor
2025-08-08	A	Drum & Bass	Biometrix | Immy Odon | Apollo On The Run	Like Fire (MÆDM Remix)	2:59	175	D minor
2025-08-08	N	Techno	Taylor Torrence | Kyra Mastro	Want Your Body	2:48	153	A minor
2025-08-07	N	Trap	Ailow	Akina	2:56	180	E♭ minor
2025-08-04	N	Drum & Bass	ThatBehavior	Only Human	2:14	175	F minor
2025-07-31	N	Phonk	criticaleye | SHIRO | dolshi	Echoes	3:18	120	C minor
2025-07-29	N	Trap	Kim	digital death	3:18	106	G minor
2025-07-25	N	Album	Cartoon	Cartoon & Friends LP	33:02	-	-
2025-07-25	N	Drum & Bass	Cartoon | Siimi | Karl Killing | Blooom	Overheat	3:07	174	C minor
2025-07-25	N	Drum & Bass	Cartoon | LEOWI | Siimi | KAZHI	Do It All	2:39	175	D♯ minor
2025-07-25	N	Drum & Bass	Cartoon | AC13 | Emily J | Blooom	Whiplash	3:31	174	E minor
2025-07-25	N	Drum & Bass	Cartoon | Southby | Siimi | Conni	Spicy	2:45	174	F minor
2025-07-25	N	Drum & Bass	Cartoon | Southby | VALLO | Immy Odon	Dependant	3:13	174	C♯ minor
2025-07-24	N	Phonk	Lieless | Luuna | Yarimov	Sky Verse	1:42	116	F minor
2025-07-22	N	Bass House	dezoliar | glossier | TWISTED	soulforge	2:15	123	F# Minor
2025-07-22	N	Jersey Club	QKReign | DMHP_SKN	Her Body	2:05	132	B minor
2025-07-18	N	Drum & Bass	Cartoon | VALLO | KAZHI | Blooom	Euphoria	3:20	175	F minor
2025-07-17	N	Drum & Bass	Mazare | Fluorescents	The Sound	3:39	180	F major
2025-07-15	N	Hardstyle	Tatsunoshin | Slenderino	On My Mind	3:00	150	D major
2025-07-11	N	Trap	STM | MRJay	Victim	4:03	115	C♯ minor
2025-07-11	N	Hip Hop	waera | SUPXR	warhead	2:05	140	C♯ minor
2025-07-10	N	Future House	jeonghyeon | SUNGYOO	All I Need	2:40	130	F major
2025-07-08	N	Bossa nova	sakuracloud	miffy cafe	2:37	89	E major
2025-07-04	N	Garage	ALEXYS | Strn.	So Sweet	2:01	138	D minor
2025-07-03	N	House	Dyolow	ROCK PAPER SCISSORS!	1:37	145	C major
2025-07-01	N	Drum & Bass	chy deep	musicismytherapy	3:19	174	G minor
2025-06-27	N	EP	youth®	snake eyes EP	8:34	-	-
2025-06-27	N	Electro	youth®	snake eyes	2:15	138	G minor
2025-06-27	N	Garage	youth®	a little break	0:30	138	G major
2025-06-27	N	Rock	youth®	ghost	1:36	146	F♯ major
2025-06-26	N	Trap	wayudance	Time	1:50	66	B♭ minor
2025-06-24	N	Melodic Bass	SadBois | ROY KNOX | Jake Neumar	Need You Again	3:57	152	C major
2025-06-20	N	Garage	Cartoon | LEOWI | Pasha | m els	Wait A While	2:56	145	A minor
2025-06-20	N	Electro	youth®	tell me why	2:43	133	G minor
2025-06-19	N	Drum & Bass	More Plastic | Amber Jay	Sirens	4:35	174	D minor
2025-06-17	N	Drumstep	Justin OH | BOTCASH | Prong	Ghost Of Me	3:01	160	D minor
2025-06-13	N	Hip Hop	youth®	stuckinmyhead!	1:32	158	F♯ minor
2025-06-12	N	Phonk	ANIZYZ | BVSSL7ON	The Redeemer	1:33	150	F minor
2025-06-10	N	Bass House	KAYA! | LULO	Hit The Ground 	3:04	135	C♯ minor
2025-06-06	N	Phonk	Sayfalse | Eluvo | KPHK	Vem Lenta!	1:14	130	A minor
2025-06-05	N	Phonk	MUPP	X2	1:58	130	A minor
2025-06-03	N	Hip Hop	nomu.	rush	1:22	87.5	A♭ major
2025-05-30	N	Future House	Bad Computer	Can't Heal You	3:22	128	F♯ minor
2025-05-30	N	House	Mangoo | Nito-Onna | Sam Nolan	Reason 	2:37	126	B♭ major
2025-05-29	N	Trance	Rudeejay | NOYSE	Loner	2:09	145	F♯ minor
2025-05-29	N	Jersey Club	QKReign | gabriawll	missing life	2:03	112	D major
2025-05-23	N	Drum & Bass	Cartoon | NCT | VALLO | Pasha | Carlos Ukareda	Around Us	2:17	174	F minor
2025-05-22	N	House	Zachz Winner	Lover Online	1:38	140	C♯ major
2025-05-20	N	House	Conro	Let Go	3:01	135	G major
2025-05-16	N	House	Irokz	Goodbye My Love	3:19	128	E♭ major
2025-05-15	N	Future Bass	Biometrix | Immy Odon | Apollo On The Run	Like Fire	3:30	156	D minor
2025-05-13	N	House	Tamlin	Alive	3:44	125	D major
2025-05-09	N	Phonk	MXZI | SK3TCH01 | X972	Montagem Toma	2:02	130	C♯ minor
2025-05-07	I	Hip Hop	Pooka	Perfect Star 	2:22		
2025-05-02	N	EP	LXNGVX | Maestro Chives	Royalty Funk	12:41	-	-
2025-05-02	N	Phonk	LXNGVX | Maestro Chives	Royalty Funk	2:57	160	G minor
2025-05-01	N	Drum & Bass	Whales | Gaash	Ghost In The Wall	3:24	172	B♭ mixolydian
2025-04-29	N	Drum & Bass	More Plastic	So Good	2:52	175	E♭ minor
2025-04-25	N	Drum & Bass	Cartoon | AC13 | Jessee | KAZHI	Made For The Game	2:59	174	F minor
2025-04-22	N	House	THIRST	fellshortofhell	1:59	155	E minor
2025-04-18	N	Rock	kitz	cut you off	1:40	172	G major
2025-04-17	N	Phonk	Willix | hiræth	Intranet Crush	2:16	134	E minor
2025-04-15	N	Melodic Dubstep	Chime | Nytrix	Runaway	3:40	145	D minor
2025-04-11	N	Dubstep	Spektrem	Shine (Neddie Flip)	3:07	140	B major
2025-04-08	N	House	Elektronomia | Syn Cole	Sky High x Feel Good Mashup	2:37	128	C minor
2025-04-03	N	Melodic Dubstep	Fytch	Fading Light	3:01	143	F minor
2025-03-28	N	EP	NAYM	Signs	11:33	-	-
2025-03-28	N	Rock	NAYM	Signs	3:28		
2025-03-28	N	Rock	NAYM	River	2:35		
2025-03-28	N	Trap	Warriyo	Dunes	3:22		
2025-03-27	N	Phonk	NXGHT! | SH3RWIN | Scythermane	DANÇA DO VERÃO	1:13	135	B♭ minor
2025-03-25	N	Future House	Bad Computer	Move Like This	3:35	128	B♭ minor
2025-03-21	N	Drum & Bass	Cartoon | NCT | Southby | Emily J	Bounce On Da Riddim	2:39	174	C minor
2025-03-20	N	EP	SUPXR	TRANSFER // TEMPO	9:19	-	-
2025-03-20	N	Hip Hop	SUPXR	TEMPO	2:05	140	F minor
2025-03-20	N	Hip Hop	SUPXR	TRANSFER	2:11	95	G min > A min
2025-03-20	N	Future Bass	Lost Sky | Anna Yvette	Carry On	3:32	140	D minor
2025-03-18	N	Hardcore	Tatsunoshin | No Hero	All Or Nothing	3:26	170	E♭ major
2025-03-14	N	Trance	NIVIRO	Dancefloor Dreamer	3:04	150	G minor
2025-03-13	N	Melodic Bass	JJD | Azertion | PhiloSofie	Lighthouse	2:57	157	C minor
2025-03-11	N	Midtempo	Tobu	Live Your Life	3:02	105	B minor
2025-03-07	N	Jersey Club	m3gatron	Love Letter	1:23	140	F# major
2025-03-06	N	Drum & Bass	Immy Odon	Back To Default	3:23	172	G minor
2025-03-04	N	Trance	Zeli	Hold It Up To The Light	3:30	130	F minor
2025-02-28	N	House	Spektrem	Stutterfly	4:13	123	A minor
2025-02-27	N	Drum & Bass	Badlokk | REEBZ	Buried Alive	5:51	172	A♭ minor
2025-02-25	N	Drum & Bass	ThatBehavior	Back Again	2:47	175	E♭ minor
2025-02-21	N	Compilation	Various Artists	NCS x Geometry Dash: Volume 1	44:53	-	-
2025-02-21	N	Bass House	Mo Falk | MADZI	Let's Go	2:32	145	F# minor
2025-02-21	N	Phonk	TWISTED	BUSSIN' (xxephyrr Remix)	1:38	130	F minor
2025-02-21	N	House	Nokae	Real Good Liar	3:10	128	D major
2025-02-21	N	House	Vikkstar | Syn Cole | KDH | Joe Jury	Another Way	2:41	128	B♭ major
2025-02-20	N	Melodic Dubstep	Whales	Die For You	3:18	150	E minor
2025-02-18	N	Drum & Bass	Slushii | sapientdream	Break My Heart (Rameses B Remix)	3:07	174	F minor
2025-02-14	N	Dubstep	Warriyo | Mortals	Mortals (TOKYO MACHINE & Boom Kitty Remix)	2:48	150	D minor
2025-02-14	N	Trap	waera	harinezumi	1:57	93	B min > C min
2025-02-13	N	House	Diviners | November Lights	Change	3:07	127	G# minor
2025-02-11	N	Future Bass	DJ Nansuya	Gang	2:33	115	A major
2025-02-07	N	Compilation	Various Artists	NCS: The Best of 2024	48:53	-	-
2025-02-06	N	Future Bass	JJD | Division One | Halvorsen	Just A Minute More	3:07	105	E♭ major
2025-02-04	N	Trap	Biometrix | Zeli	Lay Low	3:07	100	F# minor
2025-01-31	N	House	Zachz Winner | фрози | joyful	Boogie	2:02	130 > 110	F min > D min
2025-01-30	N	Future House	jeonghyeon | Wwings	Feelings Fade	3:02	130	E♭ major
2025-01-28	N	Moombahcore	Everen Maxwell	Wanderlust	3:51	115	F# minor
2025-01-24	N	Pop	Tyla Yaweh | Mason Musso | Rarin	Beautiful Disaster	2:34	165	E♭ major
2025-01-23	N	Electro	MDK	Button Masher	3:22	132	G minor
2025-01-21	N	Future House	Kovan | Electro-Light	Skyline Pt. II	3:15	128	C major
2025-01-17	N	Phonk	Warriyo | Laura Brehm	Mortals (LXNGVX Funk Remix)	2:26	115	D minor
2025-01-16	N	Drum & Bass	Rameses B	Asteroid II	3:57	174	A minor
2025-01-14	N	Garage	Aspyer	Overdrive	2:43	128	G minor
2025-01-10	N	Dubstep	Teminite | Chime	Duckstep	3:28	150	F minor
2025-01-09	N	House	Tobu	Funk It	3:02	100	C# minor
2025-01-07	N	Future House	Seanyy	Ocean	2:49	128	G minor
2025-01-03	N	Drum & Bass	Cartoon | Kristjan Järvi | Kitty Florentine | Nordic Pulse	On The Break Of Dawn	3:35	174	A minor
2025-01-02	N	Trap	SKAN | Drama B | Ryo	Muscle Up	3:08	135	D minor
2024-12-31	N	Compilation	NIVIRO	NCS New Years Mix 2024	36:48	-	-
2024-12-27	N	Drum & Bass	RIENK | NCT	Freefall	3:08	174	C# minor
2024-12-26	N	Drum & Bass	Diamond Eyes	Doxx My Heart	3:00	172	F# minor
2024-12-24	N	Electro	Everen Maxwell	Noel Electra	3:23	125	F# minor
2024-12-20	N	Synthwave	Netrum | Halvorsen	Backstreet Boy	3:28	164	F minor
2024-12-19	N	Drum & Bass	Ripple	Gimme	2:29	174	F minor
2024-12-17	N	Drum & Bass	Rex Hooligan	After The End	3:00	174	C minor
2024-12-15	N	Drum & Bass	Spektrem | Koven	Shine x Never Have I Felt This (VIP) Mashup	3:14	174	F minor
2024-12-13	N	Dubstep	Tokyo Machine	CHEAT CODES	3:28	140	E♭ minor
2024-12-12	N	Drum & Bass	Syn Cole	I Can Feel	2:28	165	F# major
2024-12-10	N	Drum & Bass	Rameses B | eerie	What You Did	3:26	174	C minor
2024-12-06	N	Trance	NIVIRO	Strobe	3:17	145	F minor
2024-12-06	N	Drum & Bass	LXNGVX | DJ FKU	RUINS	2:42	174	F minor
2024-12-05	N	Rock	Clarx | SlidV	Severed Rose	2:36	123	D minor
2024-12-03	N	Drum & Bass	DON DARKOE | Cherry Morello	Like That	3:18	174	D# minor
2024-11-29	N	House	Matt Pridgyn	Second Wind	3:12	127	E major
2024-11-28	N	Glitch Hop	JJD | Alex Skrindo	Retrospective	3:12	105	G# minor
2024-11-26	N	Hardcore	No Hero	On My Mind	2:46	160	D major
2024-11-22	N	Future House	jeonghyeon | KDH | Lack D	Firestarter	2:51	130	E♭ major
2024-11-21	N	Bass House	Boom Kitty | Waterflame	Citadel	3:28	132	E♭ minor
2024-11-19	N	Hardstyle	ANIZYZ | vxcelm	Your Burn	3:11	145	F minor
2024-11-15	N	Pop	Janji | Robbie Hutton	Call My Name	2:53	122	C major
2024-11-14	N	House	Tobu | Diviners	Geometry	2:35	130	A major
2024-11-13	A	Garage	Unlike Pluto	Time Is Eating (Liam Dakota Remix)	3:11	126	E minor
2024-11-12	N	Melodic Bass	Josh Rubin	Crowded Room	3:12	156	B major
2024-11-08	N	House	DJVI	Back on Dash	3:06	138	G minor
2024-11-07	N	Drum & Bass	More Plastic	Obsession	3:24	175	D minor
2024-11-05	N	Drum & Bass	Rameses B	i want u	3:18	174	A minor
2024-11-01	N	House	Mangoo | B3nte | Derek Cate	Perfection	2:43	107	D major
2024-10-31	N	Midtempo	Extra Terra | Max Brhon	Cyberblade	3:11	110	D minor
2024-10-29	N	Midtempo	Everen Maxwell	Hinterlands	4:23	105	B minor
2024-10-26	N	Melodic Dubstep	Different Heaven | EH!DE | Diamond Eyes	My Heart x Everything Mashup	2:53	140 > 174	B♭ maj / G min
2024-10-24	N	Phonk	THIRST	AIWA	1:45	105	D major
2024-10-22	N	Electro	Halvorsen	Shoulders of Giants	3:33	128	F# minor
2024-10-18	N	Drum & Bass	Slushii | sapientdream	Break My Heart	3:03	174	F minor
2024-10-17	N	Phonk	Ariis	From The Top	2:57	135	G major
2024-10-16	N	Future House	Avi Snow | Sync | Marky Style	Alright (Yvvan Back Remix)	2:47	122	B minor
2024-10-15	N	Hip Hop	Zaug	Notice That	2:03	86	B♭ minor
2024-10-11	N	Electro	Poylow | Midranger | Linn Sandin	Revolution	3:15	128	E minor
2024-10-10	N	Dubstep	ROY KNOX	Your Poison	3:18	150	G minor
2024-10-08	N	Trap	springs!	Magnetic	2:03	140	F major
2024-10-04	N	Midtempo	NIVIRO	The Riot	3:05	105	F minor
2024-10-03	N	Rock	SadBois | Gabriel Eli	Happier Now	3:00	160	E major
2024-10-02	N	Garage	intouch	Baby Sweet (Tails Remix)	2:59	134	C major
2024-10-01	N	Pop	Apollo On The Run	Echo	2:49	160	E minor
2024-09-26	N	Trance	BAYZY | Sayfro	On and On	2:03	165	A♭ major
2024-09-25	N	Dubstep	NEFFEX | Tokyo Machine	Desperate	3:55	150 > 133	D minor
2024-09-24	N	Electronic	Zachz Winner	blu	1:15	155	C# minor
2024-09-20	N	Drum & Bass	Rameses B	Like Rain	3:25	174	E minor
2024-09-19	N	Midtempo	Extra Terra | N3b	Silence	3:26	93	E minor
2024-09-17	N	Future Bass	Fourier | Reverse Prodigy | ZAM	Ares (Tear Up My Horizon)	2:55	170	F# major
2024-09-13	N	Trance	Rudeejay | NOYSE	Party Pioneers	2:40	145	G minor
2024-09-12	N	Phonk	HXI	Lock n' Load	1:48	130	E minor
2024-09-10	N	Garage	LUKE ALEXANDER	RIDE WITH ME	2:41	135	B minor
2024-09-08	N	Trap	Janji | Lost Sky | Johnning | Sara Skinner	Heroes Tonight x Dreams pt. II Mashup	2:56	145	A♭ major
2024-09-06	N	Drum & Bass	Madison Mars | Garce Luisa	Look No Further	2:41	170	B minor
2024-09-05	N	Dubstep	Hush	Models	2:32	142	F minor
2024-09-03	N	House	Robbie Mendez	Home	2:27	132	F major
2024-08-29	N	Pop	Sync | Roby Fayer | Eytan Peled	Why So Serious	2:15	88	D minor
2024-08-27	N	Melodic Dubstep	Chime	Win & Lose	4:03	150	B major
2024-08-23	N	Trap	Unknown Brain | Rarin | Bri Tolani	Wonder	2:18	170	F♯ major
2024-08-22	N	Future Bass	Guy Arthur	AIN'T MISS A CALL	2:34	150	B minor
2024-08-20	N	Bass House	Jay Eskar | ESCARGOT | SNAILS | Justin J. Moore	Earthquake	2:11	128	G♯ minor
2024-08-16	N	Dubstep	RIOT | SIPPY	Pump Up The Bassline	2:42	150	B major
2024-08-15	N	Phonk	DJ FKU	EXECUTIONER	1:30	120	G minor
2024-08-13	N	Synthwave	Netrum	Always Be	2:50	174	D major
2024-08-09	N	House	Tobu	Faster	3:13	128	A major
2024-08-08	N	Hardstyle	Spektrem	Shine (Always Mirin Remix)	2:20	160	F minor
2024-08-06	N	Drum & Bass	Slippy | Josh Rubin | Charlotte Reed	Crash	3:25	174	C minor
2024-08-02	N	Hardcore	LXVNGX	Follow Back	2:04	170	F minor
2024-08-01	N	Rock	Unlike Pluto	Time Is Eating	3:04	124	E minor
2024-07-30	N	House	NEYVO	my heart is broken	3:30	134	G# minor
2024-07-26	N	EP	KDH | Andrew A | David Allen	Overdose (Remixes)	18:12	-	-
2024-07-26	N	Future House	KDH | Andrew A | David Allen	Overdose (Extended Mix)	3:52	126	E minor
2024-07-26	N	Bass House	KDH | Andrew A | David Allen	Overdose (VIP)	2:54	126	E minor
2024-07-26	N	Future House	KDH | Andrew A | David Allen	Overdose (KDH Edit)	2:50	128	E minor
2024-07-26	N	Hardcore	KDH | Andrew A | David Allen	Overdose (Tatsunoshin Remix)	2:50	155	E minor
2024-07-26	N	Future House	KDH | Andrew A | David Allen	Overdose - Slowed	3:16	110	D minor
2024-07-26	N	Future House	KDH | Andrew A | David Allen	Overdose - Sped Up	2:28	145	F# minor
2024-07-26	N	Future House	RetroVision	Puzzle (2024 Edit)	2:53	128	E major
2024-07-25	N	Drum & Bass	HOWL | Idle Days	GRAVE	3:37	174	B♭ minor
2024-07-24	N	Trap	Warriyo | Laura Brehm | Egzod | Maestro Chives | Neoni	Mortals x Royalty Mashup	3:44	90	D minor
2024-07-23	N	Electro	Lionis | Revaeon | Barmuda	Symphony	2:36	128	E minor
2024-07-19	N	House	Grioten | XI$OW	Rally Up!	1:33	130	E♭ minor
2024-07-19	N	House	LAADS	Love You (Anyway)	2:33	140	F major
2024-07-18	N	Hardstyle	MVSTAFA | ANIZYZ	Different Eyes	1:54	170	G minor
2024-07-16	N	House	The Trinity	jealous	2:30	135	F major
2024-07-12	N	Future House	KDH | Andrew A | David Allen	Overdose	2:51	126	E minor
2024-07-11	N	Phonk	Rameses B | eerie	OFFLINE	2:39	125	D# minor
2024-07-09	N	House	Ghostnaps	grow apart	2:54	136	C major
2024-07-05	N	Hardcore	NIVIRO | Justin J. Moore	Without You	3:08	150 > 164	D♭ maj > E♭ maj
2024-07-05	N	Drum & Bass	Diamond Eyes	Worship	4:05	172	F# minor
2024-07-04	N	Future House	Adikop | Nieulotni	Bring Me Back	3:50	123	B♭ minor
2024-07-03	N	EP	Wiguez	The Noise Will Get Us Home (Remixes)	19:51	-	-
2024-07-03	N	Drum & Bass	Wiguez	Marcheur (The Clamps Remix)	3:48	172	E minor
2024-07-03	N	Drum & Bass	Wiguez | Maria-Lea	Nunca (Frannabik & A.way Remix)	4:16	172	E minor
2024-07-03	N	Drum & Bass	Wiguez | P-One	VBM (Juno Remix)	4:30	172	E minor
2024-07-03	N	Drum & Bass	Wiguez | Ric Waves	Shadow Of Ages ([BORDERS] & Fryware Remix)	3:36	172	D# minor
2024-07-03	N	Drum & Bass	Wiguez | Alltair | Josh Levoid | P-One	Moon Farewell (TWO XY Remix)	3:38	172	F major
2024-07-02	N	Trance	zetuv	corrupted	1:42	150	A♭ major
2024-06-28	N	Rock	Clarx | Zaug	Warzone	2:42	144	E minor
2024-06-27	N	Melodic Bass	JVNA	Taking It Slow	2:40	150	F# minor
2024-06-25	N	Drum & Bass	Jessee | Artino	Stay Focused	2:36	174	F minor
2024-06-21	N	Drum & Bass	Rameses B	GET MUCKY	2:25	174	F minor
2024-06-20	N	Trance	KEVU	Rave Teacher	2:51	150	F minor
2024-06-19	A	Future House	Diamond Eyes	Stay (Moyo & Clayne Remix)	3:19	128	G minor
2024-06-18	N	Phonk	Emin Nilsen | Kamran747	BANDIDO FUNK	2:05	130	F minor
2024-06-14	N	Electro	DJ FKU	DELTA	2:52	128	E minor
2024-06-14	N	House	Janji | Johnning	Nostalgia	2:56	128	A minor
2024-06-13	N	Phonk	NECROLX | SYNTHEZAAR 	For You	3:02	130	D minor
2024-06-13	N	Album	Sam Day	BLINDSIDE (WITH FRIENDS)	36:26	-	-
2024-06-13	N	House	Sam Day	BABY (Thorne Remix)	4:19	122	A minor
2024-06-13	N	House	Sam Day	EVERYTIME I SEE YOUR FACE (intouch Remix)	2:38	151	A minor
2024-06-13	N	House	Sam Day	BABY (Pala Chrome Remix)	2:36	150	B major
2024-06-13	N	Drum & Bass	Sam Day	Everytime I See Your Face (Dust of Apollon Remix)	3:37	172	D major
2024-06-13	N	Garage	Sam Day	BABY (Callie Reiff Remix)	2:51	137	B major
2024-06-13	N	Future Bass	Sam Day	BE THE ONE (WinWel Remix)	2:39	162	F# major
2024-06-11	N	Drum & Bass	Rex Hooligan	You Get Me High	3:00	174	B major
2024-06-06	N	Melodic Bass	Youth In Circles | LUVIUM	The Right Time	3:37	165	B♭ major
2024-06-04	N	Drum & Bass	Zushi&Vanko | Sunny Lukas	Underrated	3:41	170	B♭ major
2024-05-31	N	Dubstep	RIOT	Pushing On	2:28	150	B major
2024-05-30	N	Garage	Cafe Disko | Ella Rosa	Red Lights	3:18	136	B minor
2024-05-28	N	Pop	Aeden | Sketchez	Purpose	2:23	111	F# minor
2024-05-24	N	Future House	Aix Cee	Feel Like	2:51	126	F# minor
2024-05-23	N	Drumstep	Skybreak | Keepsake	Comet	3:50	180	F major
2024-05-21	N	Drum & Bass	Ripple	Stuck	4:11	174	F minor
2024-05-17	N	Drum & Bass	Jonth	Soundclash	3:39	174	E♭ minor
2024-05-16	N	Phonk	Emin Nilsen	BANE	2:01	140	A minor
2024-05-14	N	Garage	Soundy | Sander Mölder | maria kallastu	Donna	2:46	134	F major
2024-05-10	N	Electro	dashie	fade	2:26	128	C minor
2024-05-09	N	Pop	Palm Skies | DEAN | Reuben Cameron	Will You Come	2:37	115	E major
2024-05-07	N	Garage	MANSHN	Back & Forth	3:58	140	A♭ minor
2024-05-03	N	Phonk	Rameses B | Veela	Never Knew Me	3:32	96	D# minor
2024-05-02	N	Hardstyle	MVSTAFA | Mqx	Want It All	2:32	160	G# minor
2024-04-30	N	Jersey Club	Psylla	In Bonfires Green	3:32	133	G major
2024-04-26	N	Phonk	HXDES | DYNAMIS	Kapoeira Phonk	1:32	140	G minor
2024-04-25	N	Phonk	Emin Nilsen	VIDA NOVA	1:56	152	C minor
2024-04-23	N	Pop	Spicyverse	Vibe	2:59	143	C# minor
2024-04-19	N	Album	Clarx | Shiah Maisel	Broken String	25:55	-	-
2024-04-19	N	Rock	Clarx | Shiah Maisel	Broken String	2:08	75	C# minor
2024-04-19	N	Rock	Clarx | Shiah Maisel	Gotta Leave	2:36	144	E minor
2024-04-19	N	Rock	Shiah Maisel | Clarx	Help Me Help You	2:31	145	B major
2024-04-18	N	Drum & Bass	Ripple	Everyday	2:44	174	F minor
2024-04-16	N	Techno	PYTI	I Wanna Dance	3:40	150	B minor
2024-04-12	N	Rock	Unlike Pluto	Hollow	3:25	95	D minor
2024-04-11	N	House	P3PPER	blessing	3:07	132	F major
2024-04-09	N	Garage	BEKSY.	Stars in the Sky	2:30	142	F# minor
2024-04-05	N	Drum & Bass	Rameses B	Cybernetic	4:04	174	F minor
2024-04-05	N	Pop	NIVIRO	I'll Be There	2:14	140	B minor
2024-04-04	N	Melodic Bass	Dust of Apollon | Pala Chrome	Along Your Way	4:20	174	G major
2024-04-02	N	Breaks	MANSHN	Code	2:29	140	C# major
2024-03-29	N	Trance	Diamond Eyes	Stay	3:28	150	G minor
2024-03-28	N	Hardcore	Tatsunoshin	Lost My Love	3:54	165	E major
2024-03-27	A	Trap	Christopher Damas	KHARMA	1:38	93	B minor
2024-03-26	N	Chillout	Dosi | Aisake	Cruising	2:40	84	A♭ major
2024-03-22	N	Rock	Clarx | Shiah Maisel	Round 'n' Round	2:58	172	G major
2024-03-21	N	Midtempo	Max Brhon	AI	3:09	109	E minor
2024-03-19	N	Garage	Low Mileage	I'm Not Ready	2:16	130	F minor
2024-03-15	N	Melodic Dubstep	ROY KNOX | LINKER	Fell For A Demon	4:03	150	B major
2024-03-14	N	Drum & Bass	Ripple	On Your Mind	3:03	174	A minor
2024-03-12	N	Trap	JINXSPR0	Stick Around You	2:13	168	B♭ minor
2024-03-08	N	Pop	Andrah	pretty afternoon	2:38	182	C major
2024-03-08	N	Pop	Ariadne	Karma	2:53	136	A minor
2024-03-07	N	Techno	Zeli	Only The Fallen	3:16	147	C# minor
2024-03-05	N	Drum & Bass	Natty Lou | Sebotage	Galactic	3:24	175	D major
2024-03-01	N	Drum & Bass	Rameses B	UFO	2:34	174	C major
2024-03-01	N	Garage	Raul Ojamaa | Soundy (Sound In Noise) | NOËP | Malou	Got A Feeling	2:48	135	A minor
2024-02-29	N	EP	T & Sugah	TumDaDaDum	15:43	-	-
2024-02-29	N	Techno	3rd Prototype 	Move Your Body 	1:55	156	A♭ major
2024-02-27	N	Chillout	sumu	apart	2:22	144	F minor
2024-02-23	N	Rock	Shiah Maisel | Clarx	Left With Nothing	2:38	126	D minor
2024-02-23	N	Drum & Bass	T & Sugah | Primate	Set Me Free	2:03	174	G major
2024-02-22	N	Rock	SadBois | Manno	Romeo and Juliet	3:12	160	A major
2024-02-22	N	Trance	Naeleck | Roniit	Burning Wish (Club Mix)	2:51	140	C minor
2024-02-20	N	Breaks	Trinist	Broken	4:00	130	A♭ major
2024-02-16	N	Garage	Diamond Eyes	Sinner	3:53	124	E major
2024-02-15	N	Midtempo	Tomatow | SagaB | Adam Putra	Throne	3:20	108	A♭ major
2024-02-13	N	Drum & Bass	Jonth	Bass Face	2:55	176	F# minor
2024-02-09	N	Dubstep	ROY KNOX	Memory Box	2:08	150	F minor
2024-02-08	N	Drum & Bass	Blooom | SGAR	Alone	3:50	174	E♭ major
2024-02-06	N	Trap	Crushed Candy	Oh My Gawd	2:04	100	E minor
2024-02-02	N	Future House	Naeleck | Roniit	Burning Wish	2:33	105	C minor
2024-02-01	N	Phonk	TWISTED	BUSSIN'	1:26	130	A minor
2024-01-31	A	Techno	CiDE | Vide | Jordan Grace	Late At Night	2:34	124	F# minor
2024-01-30	N	Drum & Bass	Maze 	The Rocks	4:01	172	E♭ minor
2024-01-26	N	Drum & Bass	Siimi	Set You Free (VERCU Remix)	3:49	175	C minor
2024-01-26	N	Phonk	Rameses B	Keep You	2:42	85	C# major
2024-01-25	N	Drum & Bass	MANIA | Tom Wigley | Lottie Jones	Calling Out Your Name	3:54	174	A minor
2024-01-24	A	Drum & Bass	KEELA	SUN	2:53	172	B major
2024-01-23	N	Drum & Bass	Itro	Never Let You Down	3:31	174	B♭ major
2024-01-19	N	Rock	Clarx | Shiah Maisel | M.I.M.E	Pull Me In	2:28	154	B minor
2024-01-18	N	Album	yanvince	misunderstood	32:23	-	-
2024-01-18	N	Ambient	yanvince	who am I?	1:48	84	D minor
2024-01-18	N	Pop	yanvince	hyperactive	2:46	140	A major
2024-01-18	N	Trap	yanvince	misunderstood	2:09	100	A minor
2024-01-18	N	Funk	yanvince	think about	2:22	108	F# minor
2024-01-18	N	Pop	yanvince	feel it	2:14	120	C minor
2024-01-18	N	Pop	yanvince	midnight feelings	2:24	121	A minor
2024-01-18	N	Pop	yanvince	i will be ok	2:33	150	E minor
2024-01-18	N	Pop	yanvince	realise	3:00	128	E♭ minor
2024-01-17	N	EP	Wiguez	The Noise Will Get Us Home	14:15	-	-
2024-01-17	N	Drum & Bass	Wiguez | Alltair | Josh Levoid | P-One	Moon Farewell	2:49	172	F major
2024-01-17	N	Drum & Bass	Venjent | Oktae	Calling For You (Morty Remix)	3:46	174	G major
2024-01-16	N	EP	intouch	Keep	15:47	-	-
2024-01-16	N	Garage	intouch	Love U	3:58	140	E♭ minor
2024-01-12	N	Midtempo	Lost Sky | ANGELPLAYA | Chris Linton	Unbreakable	3:16	100	D minor
2024-01-12	N	Pop	Daniel Levi	I Like It With You	2:55	100	E minor
2024-01-11	N	Funk	NGO	Don't Stay	2:34	113	A minor
2024-01-10	A	Future House	DEFX | P For Parker | FAME Sounds	I Like It	2:30	126	E minor
2024-01-09	N	House	Avi Snow | Sync | Marky Style	Alright	3:14	122	B minor
2024-01-05	N	Future Bass	Diamond Eyes	Lies	3:56	120	A♭ minor
2024-01-04	N	Drum & Bass	More Plastic | Halvorsen	Sunrise	4:16	174	E minor
2024-01-02	N	Drum & Bass	Jonth	WHAT	3:44	175	E♭ minor
2023-12-29	N	EP	James Mercy | PhiloSofie	Vienna	6:32	-	-
2023-12-29	N	Rock	James Mercy | PhiloSofie	Vienna	3:33	87	D minor
2023-12-28	N	Phonk	ANGELPLAYA | T-Mass | MC Guidanny	FAVHELLA	1:57	130	G# minor
2023-12-26	N	Drum & Bass	Rameses B	Morning Drift	3:55	174	F minor
2023-12-25	N	Compilation	Various Artists	NCS: The Best of 2023	47:37	-	-
2023-12-22	N	Rock	Clarx | Shiah Maisel | AViVA	Done Better	2:51	141	G minor
2023-12-21	A	Drum & Bass	Wiguez | Ric Waves	Shadow Of Ages	2:33	172	F# major
2023-12-21	N	Funk	Tollef | RVLE	Time With You	2:36	118	E major
2023-12-19	N	EP	Sam Day	BLINDSIDE	17:41	-	-
2023-12-19	N	Breaks	Sam Day	GO ₊˚✩⋆｡°	2:32	134	E major
2023-12-19	N	House	Sam Day	EVERYTIME I SEE YOUR FACE	4:17	140	A minor
2023-12-19	N	Ambient	Sam Day	18:28 OUTBOUND	1:23	100	F# major
2023-12-15	N	Drum & Bass	T & Sugah | Snnr	For You	2:17	175	D major
2023-12-14	A	Moombahcore	yanvince	triple no	2:54	101	E minor
2023-12-14	N	Pop	OSKI	What's The Problem?	2:43	92	D minor
2023-12-13	A	Trap	Hyri	Nocturnal	3:05	135	C# minor
2023-12-12	N	Garage	intouch	Heart My Heart	2:49	138	C minor
2023-12-08	N	Drum & Bass	MANIA | Remy Night	Reason	3:00	174	F minor
2023-12-07	N	Trance	JNATHYN | Bryan Andrew Medina	Clockwork	4:20	136	A♭ minor
2023-12-05	N	House	BIMINI | Avi Snow	No Way	4:28	118	B minor
2023-12-01	N	Melodic Dubstep	Rival | Jim Yosef | Alaina Cross	Gone For Good	3:01	140	F minor
2023-11-30	N	Drum & Bass	Ariadne | Karl Killing	All I Need	2:32	160	F# minor
2023-11-28	N	House	Raul Ojamaa | Maris Pihlap	Hold On Me	3:28	126	G major
2023-11-24	N	Rock	Clarx | Shiah Maisel	Give Up	2:49	150	C# minor
2023-11-23	N	Hip Hop	Wiguez | P-One	VBM	2:15	172	E minor
2023-11-21	N	Phonk	1$K1	GODSLAYER	1:32	135	A♭ minor
2023-11-17	N	Drum & Bass	MANIA	Time Of Our Lives	3:25	172	F minor
2023-11-16	A	Pop	yanvince	las fallas	2:26	125	C minor
2023-11-14	N	Garage	intouch	Baby Sweet	2:53	145	C major
2023-11-10	N	Pop	Alaina Cross	Karma	3:10	160	G# minor
2023-11-09	N	Future House	PLVTO	Are You With Me	3:12	123	A minor
2023-11-08	A	Bass House	JOXION	RPM	2:20	132	B minor
2023-11-07	N	House	Sam Day	BABY	2:38	136	B major
2023-11-03	N	Phonk	Slowboy | Rizó | NØCTRIS	Sold Dreams	1:31	128	E minor
2023-11-02	N	Bass House	4URA | VinDon	AKTIV	2:37	128	D♭ major
2023-10-31	N	Rock	Diamond Eyes	Devil	4:01	140	E minor
2023-10-27	N	Drum & Bass	Koven	Never Have I Felt This (VIP)	3:12	174	F minor
2023-10-26	N	Rock	Shiah Maisel | Clarx	Everything I Got	2:20	154	D minor
2023-10-25	A	Drum & Bass	Wiguez | Maria-Lea	Nunca	2:31	172	E minor
2023-10-24	N	Pop	Sketchez	Don't Understand	2:18	105	G# minor
2023-10-20	N	Drum & Bass	MANIA | Cesar Santalo	Pick Up The Pieces	2:51	172	F# major
2023-10-20	N	Future House	Egzod | Maestro Chives | Neoni	Royalty (Don Diablo Remix)	2:58	125	E minor
2023-10-19	N	Trap	ORGAN | Stige	Cricket (we nice)	2:39	137	E♭ minor
2023-10-17	N	Breaks	yanvince | just alex	whole	2:13	128	A minor
2023-10-13	N	Album	Daniel Levi	14/02	24:49	-	-
2023-10-13	N	Pop	Daniel Levi	Talk	3:29	106 > Freetime	G major
2023-10-13	N	Traditional	Daniel Levi	River	1:50	130	D major
2023-10-13	N	Pop	Daniel Levi	I Like It With You	3:55	100 > 127	E minor
2023-10-13	N	Pop	Daniel Levi	That's What Makes It Right	2:54	113	A♭ major
2023-10-13	N	Pop	Daniel Levi	Getaway	4:02	120	B♭ minor
2023-10-13	N	Future House	LAADS	Bad Girl	2:44	132	C# minor
2023-10-12	N	Bass House	Dirty Palm | Nat James	King Of The Hill	2:46	128	E minor
2023-10-10	N	Garage	intouch	Now I'm Broken	3:32	137	E minor
2023-10-06	N	Drum & Bass	AC13 | Comma Dee	Waves	4:28	174	E major
2023-10-05	N	House	Sam Day	NEBRASKA (WITH YOU)	2:43	132	D major
2023-10-03	N	Trap	Low Mileage	Hold You	2:21	150	D♭ major
2023-09-29	N	Pop	Andrah	bye bye	2:48	174	D major
2023-09-29	N	Future House	Venjent | Oktae	Calling For You	3:41	128	A minor
2023-09-28	N	Drum & Bass	Wiguez	Marcheur	4:06	172	E minor
2023-09-26	N	Future House	21RoR	Talk About	2:15	123	G major
2023-09-22	N	Pop	Daniel Levi	Honey	3:23	115	B major
2023-09-21	N	EP	Kage	Of Dust and Shadows	20:26	-	-
2023-09-21	N	Bass House	Kage	Commotion	4:13	124	D minor
2023-09-19	N	Garage	intouch	Fighting Inside	2:33	140	F minor
2023-09-15	N	Pop	yanvince	fearless	3:04	120	A minor
2023-09-14	N	Drum & Bass	Itro | SILIAS	All For You	3:33	172	E major
2023-09-08	N	Pop	OSKI	Stay The Night	2:47	96	D minor
2023-09-07	N	House	Sam Day	BE THE ONE	4:06	129	G♭ major
2023-09-05	N	Rock	Clarx | Zaug | SlidV	One Of Us	2:19	144	B minor
2023-09-01	N	Future House	KHEMIS | Coopex | ZANA	Tidal Wave	2:20	126	A♭ minor
2023-08-31	N	EP	Raude	sugar rush!	10:34	-	-
2023-08-31	N	Pop	Raude	ready!	2:09	192	B♭ minor
2023-08-31	N	Pop	Raude	sun	2:09	160	G♭ major
2023-08-30	A	Hardcore	Tatsunoshin | Jade Key | Meredith Bull	Summer's End	2:38	153	F major
2023-08-29	N	Future House	WATEVA | m els	Madness	3:28	123	B minor
2023-08-25	N	Rock	Poylow | Mandrazo | Barmuda	Loneliness	2:16	95	C# minor
2023-08-24	N	Future House	Asketa & Natan Chaim	More	2:29	124	F minor
2023-08-24	N	EP	Wiguez	4 LOVE (Remixes)	14:23	-	-
2023-08-24	N	Bass House	Wiguez | Alltair | P-One	4 Love (Fresh Stuff Remix)	2:32	132	F minor
2023-08-24	N	Future House	Wiguez | borne | imallryt	Pressure (Fectro Remix)	2:59	126	B minor
2023-08-24	N	Drum & Bass	Wiguez | Rico 56	Gone (Thorne Remix)	2:35	174	F minor
2023-08-24	N	Trap	Wiguez | Josh Levoid | MaryQueen	Get Out Here (Lennart Schroot Remix)	3:01	172	E♭ minor
2023-08-24	N	Dubstep	Wiguez | Vizzen | Maestro Chives	Running Wild (EH!DE Remix)	3:34	160	A minor
2023-08-22	N	Future Bass	T-Mass | Rain Man | Vikki Gilmore	Follow	4:23	145	B minor
2023-08-20	N	Compilation	Various Artists	NCS: Road Trip	14:45	-	-
2023-08-18	N	Pop	Killa	Retro Love	2:53	97	G# minor
2023-08-18	N	Hip Hop	Zaug	8 Rounds	2:02	90	F minor
2023-08-18	A	Trance	Toxic Joy | NEIV	Temptation	2:39	140	A♭ major
2023-08-17	N	Funk	Reece Taylor	Sugar Plumbin'	2:07	120	C minor
2023-08-16	A	Future House	NOYSE	Dreamin'	2:35	128	E minor
2023-08-15	N	Traditional	yanvince | Comusal	magnificent	2:27	137	A major
2023-08-11	N	Future Bass	Arcando | Maazel | Salvo	To Be Loved	2:53	162	G minor
2023-08-10	N	Melodic Dubstep	ROY KNOX	Closer	3:36	150	F minor
2023-08-09	A	Drum & Bass	Idle Days	Over It	3:27	174	A minor
2023-08-08	N	Pop	AX.EL	In Love With A Ghost	2:46	145	G minor
2023-08-04	N	Hip Hop	ALVYN | JSTN DMND	SKY BRI	1:50	148	F# minor
2023-08-03	N	Bass House	Kage	Cereb	4:36	126	C minor
2023-08-02	A	Drum & Bass	JJL	Thought It Was U	3:05	172	D minor
2023-08-01	N	Phonk	VOLT VISION | BRIGHTDVWN	Hide Your Heart	2:44	130	C major
2023-07-28	A	Techno	speedboys	techno on my mind	2:57	143	B♭ minor
2023-07-28	N	Drum & Bass	T & Sugah	Indecisive	3:34	174	B♭ minor
2023-07-27	N	Pop	Raude | Ntsika	paradise	2:31	168	C major
2023-07-26	A	Bass House	JOXION	Getting Down	2:20	132	E minor
2023-07-25	N	Chillout	C1W	Driver Seat	2:29	107	G minor
2023-07-21	N	Trap	Clarx | Zaug	No Money	1:59	90	G minor
2023-07-21	A	Future House	Andrew A | Barmuda	Fall Too Deep	3:05	128	B minor
2023-07-20	N	Future House	Britt Lari | Ray Le Fanue	What I Want	2:10	126	A♭ minor
2023-07-19	A	Trap	Yancle	Think About Me	3:07	150	F minor
2023-07-18	N	Garage	Low Mileage	Keep Me Closer	2:20	128	C major
2023-07-14	N	Hardcore	NIVIRO	On Replay	3:01	155	D minor
2023-07-14	A	Dubstep	borne	Take Away	2:34	140	G major
2023-07-13	N	Future House	Aiobahn | Guy Arthur | SGNLS	All Or Nothing	3:03	128	G# minor
2023-07-12	A	Future Bass	Rave New World	Meant To Be	2:47	146	B major
2023-07-11	N	Future House	The Arc	Nothing At All	4:50	128	F minor
2023-07-07	N	EP	Josh Rubin	Playing With Fire 	14:24	-	-
2023-07-07	N	Melodic Dubstep	Josh Rubin | Fransis Derelle	Blame Me	3:30	148	E♭ minor
2023-07-07	N	Trap	updog	ordinary / horrifying	3:44	145 > 160	F minor
2023-07-07	N	House	Coopex	Over The Sun (Pt. 2)	2:41	138	E major
2023-07-07	A	Future House	SIIK | JJL	Like That	2:40	126	F minor
2023-07-06	N	Bass House	Kage | JaySounds	Fly	3:44	124	G major
2023-07-06	N	EP	ASHWOOD | Blooom | Ghost'n'Ghost	Realize	11:05	-	-
2023-07-06	N	Pop	ASHWOOD | Blooom | Ghost'n'Ghost	Dial Tone	2:25	94	D minor
2023-07-06	N	Traditional	ASHWOOD | Blooom | Ghost'n'Ghost	Realize	3:00	82	A minor
2023-07-05	A	Drum & Bass	MADZI | SVRT | Chilly	Sinister	2:55	174	D minor
2023-07-04	N	Trap	Kaphy | SFRNG | Brogs	Too Late	2:23	89	D minor
2023-06-30	N	Drum & Bass	T & Sugah 	TumDaDaDum	3:45	174	A♭ minor
2023-06-30	A	Hardstyle	Vaskan	Walk Away	3:01	155	B minor
2023-06-29	N	Pop	Raude	diversion	1:56	170	E♭ major
2023-06-28	A	Hardstyle	Tatsunoshin	The Time	3:30	150	E♭ major
2023-06-27	N	Trap	Moav	I Don't Wanna Know	2:45	160	A minor
2023-06-23	N	Future House	MAD SNAX | Poylow | New Beat Order	Lonely Hour	2:09	140	B♭ minor
2023-06-23	A	EP	Maze | Trinist	Lost Words	11:48	-	-
2023-06-23	A	Breaks	Maze | Trinist	Everything Will Be Okay.	3:06	150	F minor
2023-06-23	A	Drum & Bass	Maze | Trinist	Lachrymose	3:29	172	B♭ major
2023-06-22	N	Pop	ASHWOOD | Blooom | Ghost'n'Ghost	Maria	2:50	172	E minor
2023-06-21	A	EP	CENTRIC	Eternity	18:56	-	-
2023-06-21	A	Drum & Bass	CENTRIC	Eternity	3:43	174	F# minor
2023-06-20	N	Future House	jeonghyeon | Noisy Choice	Too Far	2:23	127	B♭ major
2023-06-16	N	Pop	Daniel Levi	Clown Around	2:43	105	A major
2023-06-16	A	Future House	Thorne	DownBeat	2:39	125	B major
2023-06-16	N	Pop	Coopex | Afterfab | Heleen	EX	2:15	170	E♭ minor
2023-06-15	N	Trap	Henri Werner	Burned	2:09	90	B♭ minor
2023-06-14	A	Garage	joegarratt	me	2:51	130	F# minor
2023-06-13	N	Bass House	Kage	Dust	3:52	125	E♭ minor
2023-06-10	N	Future House	Justmylørd | Charles B	Falling For You	2:37	126	E minor
2023-06-09	A	Dubstep	John Dee | Litil | Elle Vee	Set It Free	3:15	150	G minor
2023-06-08	N	Drum & Bass	NIVIRO | Diandra Faye	Orphic Night	2:56	160	E minor
2023-06-07	A	Drumstep	Duke Gray | MANGASLAYERS | diGi	Dracula	2:49	170	A minor
2023-06-06	N	Phonk	VOLT VISION | Beneath My Shade	Dangerous	2:01	132	C minor
2023-06-02	N	Melodic Bass	Josh Rubin	Black And White	3:02	150	B major
2023-06-02	A	Drum & Bass	Maze | Trinist	Erase You	2:46	172	C major
2023-06-01	N	Pop	ASHWOOD | Blooom | Ghost'n'Ghost	Not A Thing	2:50	95	E minor
2023-05-31	A	Future House	Toxic Joy	The Rave	2:56	125	F minor
2023-05-30	N	Phonk	ANGELPLAYA	DANGEROUS	2:45	145	C minor
2023-05-27	N	Drum & Bass	More Plastic	Take Me Back	3:03	174	F# major
2023-05-26	A	Bass House	JOXION | EXYT	Testify	3:23	128	D minor
2023-05-26	N	Pop	Jim Yosef | Shiah Maisel	Just Getting Started	2:27	100	D minor
2023-05-25	N	Future House	jeonghyeon | Noisy Choice	Useless	2:41	126	E♭ major
2023-05-24	A	Drum & Bass	CENTRIC | Aleya Mae	Falling	4:27	174	A minor
2023-05-23	N	Phonk	Rxm リム	LOOK AT ME!	3:02	120	B minor
2023-05-19	N	Drum & Bass	T & Sugah | Mara Necia	Lost In The Middle	4:02	174	C major
2023-05-19	A	Future House	Thorne | iFeature	Alive	2:56	125	B minor
2023-05-19	N	Pop	Raude	high4aminute	1:48	170	B minor
2023-05-18	N	Hardcore	Rival | CRVN	Falling (Ayjin Remix)	2:45	170 > 160	E minor
2023-05-17	A	Trap	Carpö | MIHXI | Endpoint	Grey	3:23	147	F# minor
2023-05-16	N	Trap	Guy Arthur	Spend It All	2:35	145	F minor
2023-05-12	N	Melodic Bass	Josh Rubin	Surrender	4:19	145	G# minor
2023-05-12	A	Drum & Bass	Maze | Trinist	Would You Ever	2:27	172	F minor
2023-05-11	N	Drum & Bass	Blooom	Drowning	3:06	174	F major
2023-05-10	A	Bass House	Thymen Wiendels | Barmuda	Erased	2:20	126	D major
2023-05-09	N	Bass House	Kage	ONI	4:00	124	E♭ major
2023-05-07	N	Melodic Bass	Alan Walker	Dreamer (Rival Remix)	2:18	140	B♭ minor
2023-05-05	N	Pop	Daniel Levi	Down For Anything	2:29	103	C minor
2023-05-05	A	Trap	4URA | JSTN DMND	Your Highness	3:06	140	E minor
2023-05-05	N	Future House	Poylow | Misfit | MAD SNAX	Halo (I'll Be There)	2:44	128	D major
2023-05-04	N	Melodic Bass	Clarx | Laney	Forever Finally Ends	3:20	138	C# minor
2023-05-03	A	Future House	Adikop | Chris Ponate	Ignite My Heart	2:40	120	B minor
2023-05-02	N	Phonk	FLAYA PLAYA | Maikubi | Nomeli	uWu BURST	1:53	122	A major
2023-04-30	N	House	Alan Walker	Dreamer (Alex Skrindo Remix)	2:09	140	B minor
2023-04-28	A	Hardstyle	Vaskan	Your Love	2:25	160	B major
2023-04-28	N	Trap	NEFFEX	Desperate	3:15	150	D minor
2023-04-27	N	Future House	Coopex | KHEMIS	If Looks Can Kill	2:11	123	F# minor
2023-04-26	A	Dubstep	MADZI | ETikka	A&B	2:56	150	D minor
2023-04-25	N	Future House	Charles B | Simon Fougère | Khar	Far From Home	2:23	125	F minor
2023-04-23	N	Trance	Alan Walker	Dreamer (BEAUZ & Heleen Remix)	2:04	150	F# minor
2023-04-21	N	Melodic Bass	Josh Rubin | Highlnd | nøll	Don't Want To Feel	3:32	160	A♭ minor
2023-04-21	A	Future House	Toxic Joy	All Night	2:36	126	F# minor
2023-04-21	N	Drum & Bass	Andromedik | Pirapus | Indy Skies	Ride or Die	2:59	174	A♭ major
2023-04-20	N	Phonk	ANGELPLAYA	PLAYAS NEVER DIE	2:27	155	B♭ minor
2023-04-19	A	Drum & Bass	CENTRIC	Overcome	2:49	176	D major
2023-04-18	N	Drum & Bass	Siimi	Set You Free	3:14	175	G minor
2023-04-16	N	Melodic Dubstep	Alan Walker	Dreamer (Egzod Remix)	3:04	150	B♭ minor
2023-04-14	N	Future House	MALARKEY | JJL	Everything U Promised	2:40	124	E minor
2023-04-14	N	Phonk	ATSMXN | XTOM	The Raven	1:56	118	D major
2023-04-14	A	Bass House	CITYWLKR | Josh Rubin	Immortal	4:31	125	D major
2023-04-13	N	Future House	Alex Skrindo	Falling Down	3:07	124	F# minor
2023-04-11	A	Bass House	JOXION	094	2:00	132	F# minor
2023-04-11	N	Phonk	Jéja | Zaug	Bad Habit (Phonk Version)	1:39	140	F# major
2023-04-10	N	Pop	Elliot Kings | Riggs | Mykyl	Paper Walls	2:46	151	B minor
2023-04-07	N	Future House	Syn Cole	Reflect	3:04	128	B♭ major
2023-04-07	A	Future House	D'Amico & Valax | Fayzone	Mirage Of My Heart	3:09	126	F minor
2023-04-07	N	House	Alan Walker	Dreamer	2:35	122	B♭ minor
2023-04-06	N	Drum & Bass	Millbrook | Ellerslie	Overdrive	3:13	174	D minor
2023-04-05	A	Trap	VERB | 22 Void Beats | Nat James	Ignite	2:50	165	F# major
2023-04-03	N	Phonk	Rxm リム	CONNECTION	1:48	120	B minor
2023-03-31	N	Drum & Bass	More Plastic | URBANO	One Taste	3:12	174	F minor
2023-03-30	A	Drum & Bass	iFeature	Rush	3:33	175	E♭ minor
2023-03-29	N	Phonk	VØJ | ATSMXN	Blade Fury	2:00	120	B♭ major
2023-03-28	A	Trap	joegarratt	aya	3:45	148	B♭ major
2023-03-27	N	Pop	Henri Werner | EHLE	ITTY BITTY	2:10	90	A♭ major
2023-03-24	N	Drum & Bass	AC13	Visions	3:43	174	C# major
2023-03-24	N	Pop	Jéja | Zaug	Bad Habit	2:28	145	F# minor
2023-03-23	A	Future House	CØDE	Don't Left Me	2:17	126	G major
2023-03-22	N	Dubstep	OMAS | Awon | Micah Martin	The Rage	2:46	150	A major
2023-03-21	A	Drum & Bass	CENTRIC	World on Fire	3:45	176	F# minor
2023-03-20	N	Bass House	WYKO | SIIK | shi'tz	2AM	2:21	130	C# major
2023-03-17	N	Trap	Cesqeaux | Tisoki	Give It To Me	2:46	150	B major
2023-03-16	A	Bass House	JOXION | MADZI	Flow	2:25	126	G major
2023-03-15	N	Phonk	ANGELPLAYA	PSYCHOPATHIC	2:29	145	A♭ minor
2023-03-14	A	Future House	Toxic Joy | SRY	Walk Away	3:18	126	F# major
2023-03-14	N	Pop	PLEEG	Voyage	3:14	98	C# minor
2023-03-11	N	Trap	PHI NIX	Can't Break Me Down	3:00	150	E minor
2023-03-10	A	Pop	Meggie York	numbers	2:36	118	G major
2023-03-09	N	Future Bass	Akacia	Electric	2:21	160	A minor
2023-03-08	A	Hardcore	JB Hain	feel	3:02	152	A♭ major
2023-03-07	N	Pop	Zeli	Sharks	3:11	127	F# minor
2023-03-06	N	Melodic Dubstep	OBLVYN	A Mere Blip In Your Timeline	3:26	107	A♭ major
2023-03-04	N	Future House	Poylow | Lucky Low | MAD SNAX | India Dupriez	Freak Show	2:18	195	F# major
2023-03-03	A	Bass House	MADZI	Let's Play	2:32	124	A major
2023-03-02	N	Future House	WATEVA	What I Say (Thorne Remix)	4:04	126	C# major
2023-03-01	A	Trap	VERB	Catching Feelings	2:26	150	B♭ minor
2023-02-28	N	Hardcore	Vizzen | Protolizard	Heaven Knows	2:58	170	F# minor
2023-02-25	N	Drum & Bass	Polygon	Bring It Back	3:26	174	C# major
2023-02-24	A	Future Bass	Blackryst	Trust Me	2:36	200	A♭ minor
2023-02-23	N	Phonk	ATSMXN | XTOM	Enemies	1:54	125	D major
2023-02-22	A	Future House	Harddope	Heart Robbery	3:30	124	G minor
2023-02-21	N	Drumstep	N3WPORT | Britt Lari	Paradise	2:44	160	B♭ minor
2023-02-18	N	House	Diviners | Level 8	Guide You Home	3:12	128	G major
2023-02-17	A	EP	iFeature	Vision	18:42	-	-
2023-02-17	A	Pop	iFeature	Cozy Thunder	3:17	100	F minor
2023-02-17	A	Future House	iFeature	Indifferent	3:00	128	D minor
2023-02-16	N	Drum & Bass	ReauBeau | Brynja Mary	Make Waves	3:09	174	B♭ minor
2023-02-15	A	Drum & Bass	CENTRIC | Dani King	Dynamiser	4:11	176	A♭ minor
2023-02-14	N	EP	Wiguez	4 LOVE	15:43	-	-
2023-02-14	N	Bass House	Wiguez | Alltair | P-One	4 Love	3:03	130	A♭ major
2023-02-14	N	Drum & Bass	Wiguez | Rico 56	Gone	2:40	172	E minor
2023-02-11	N	Electro	More Plastic | URBANO	Psycho	2:52	130	G major
2023-02-10	A	Future House	Thorne | Sam Riley	Need You	2:37	128	A minor
2023-02-09	N	Drum & Bass	Wiguez | borne | imallryt	Pressure	2:49	114	C# minor
2023-02-08	A	Drum & Bass	NO QVLT | JESSY KVGE	Insides	2:49	174	C# major
2023-02-07	N	Phonk	ANGELPLAYA	LET THEM HAVE IT	2:20	115	B♭ major
2023-02-04	N	Future House	Raven & Kreyn | KDH | Scarlett	Dum Dum	2:47	128	A minor
2023-02-03	A	Bass House	JOXION	LA VIBE	2:12	128	G major
2023-02-02	N	Future House	NOYSE | ÆSTRØ	La Manera De Vivir	2:07	125	D major
2023-02-01	A	Dubstep	MADZI	What You Gonna Do	3:05	150	D major
2023-01-31	N	Future Bass	Yonexx | lunar	Need You	2:48	176	F minor
2023-01-27	N	House	Jim Yosef | Scarlett	Volcano	2:40	100	F# minor
2023-01-26	N	Pop	Jo. Cohen | Coral Oulu	Sympathy	2:33	120	E♭ minor
2023-01-25	A	Electro	DigEx	Need You	2:54	126	E minor
2023-01-24	N	Trap	Zack Merci | Nieko | BIxk Trey	Kadak	3:00	110	E♭ major
2023-01-20	N	Drum & Bass	Andromedik | Murdock | Dualistic	Light  	4:14	174	F minor
2023-01-20	A	Future House	Andrew A | VIANI	Lost	2:52	126	C minor
2023-01-19	N	Midtempo	Poylow | Harry Taylor | MAD SNAX | India Dupriez	Drop In The Ocean	2:44	100	B♭ major
2023-01-18	A	Drum & Bass	Goodknight.	Try Again	2:31	165	A♭ major
2023-01-17	N	Drum & Bass	Wiguez | Josh Levoid | Maryqueen	Get Out Here	4:05	172	E♭ minor
2023-01-13	N	Bass House	CITYWLKR | Voicians	Consume Me	5:13	126	C# major
2023-01-13	A	Pop	iFeature | just alex	Vision	2:26	132	F minor
2023-01-12	N	Trap	ReauBeau | Eline Mann	For You	2:44	145	F minor
2023-01-11	A	Bass House	EXXO	Tension	2:40	127	A major
2023-01-10	N	Pop	PLEEG	Alive	2:40	100	G major
2023-01-06	N	Drum & Bass	Rex Hooligan | Anna Simone	No More Levitation	4:08	174	F minor
2023-01-06	A	Bass House	JOXION | Thorne | iFeature	Unstoppable	2:50	126	C# minor
2023-01-05	N	Hardcore	JJD	Can't Say No	3:35	150	F# minor
2023-01-04	A	Hardcore	Tatsunoshin | Giin	Light Me Up	3:02	160	F# minor
2023-01-03	N	Phonk	ANGELPLAYA	PULL UP	2:03	145	B♭ minor
2022-12-30	N	Drumstep	ROY KNOX | CRVN	The Other Side	2:40	176	F minor
2022-12-29	N	Drum & Bass	Rob Gasser | Miss Lina	Rift	3:26	174	B♭ minor
2022-12-28	A	Future House	Thorne | Andrew A	Behind	3:05	128	B major
2022-12-27	N	Future House	Jack Shore | KORA	Memory Nights	3:16	121	A♭ minor
2022-12-25	N	Compilation	Various Artists	NCS: The Best of 2022	54:47	-	-
2022-12-23	N	Future House	32Stitches | GNDHI | J Fitz	Wish You The Best	3:19	128	B major
2022-12-23	N	Drum & Bass	T & Sugah | Mara Necia	Bring Me The Christmas Light	4:35	174	C# major
2022-12-22	N	Trap	borne | imallryt	Bonfire	2:27	140	F# minor
2022-12-21	A	Pop	iFeature	Party	3:12	90	C major
2022-12-20	N	Drum & Bass	Lennart Schroot	Fata Morgana	2:15	172	C# major
2022-12-16	N	Bass House	SIIK | Alenn	Mess	2:20	126	E major
2022-12-15	N	Electro	Sharks	Shiver	3:53	130	G minor
2022-12-14	A	Future House	Andrew A | Barmuda	Waiting	3:08	128	G minor
2022-12-13	N	Future House	Zack Merci | Nieko	Psycho	2:31	126	D major
2022-12-12	N	Phonk	Sam Ourt | AKIAL | Srikar	Escape (Sam Ourt & Juan Dileju VIP)	2:18	120	F minor
2022-12-09	N	Pop	BEAUZ | Heleen	Alone	2:38	105	C# minor
2022-12-09	N	EP	Arcando	When I'm With You (Remixes)	8:54	-	-
2022-12-09	N	Dubstep	Arcando	When I'm With You (NCKD Remix)	2:48	150	F# minor
2022-12-09	N	Drum & Bass	Arcando	When I'm With You (T-Rice Remix)	3:02	166 > 170	D major
2022-12-09	N	Bass House	Arcando	When I'm With You (EMIDEX Remix)	3:03	128	B minor
2022-12-08	N	Bass House	jeonghyeon | Arya	Losing	2:32	128	B♭ minor
2022-12-07	A	EP	JOXION	Go Off	13:25	-	-
2022-12-07	A	Bass House	JOXION	Next Level	2:21	128	B major
2022-12-07	A	Bass House	JOXION	ILY	2:40	126	D major
2022-12-06	N	EP	if found	false / youth	9:44	-	-
2022-12-06	N	Trap	if found	feel someth!ng	3:31	150	F minor
2022-12-02	N	Drum & Bass	Rameses B | SOUNDR	Good With It	3:52	175	C# minor
2022-12-01	N	Trap	Uplink | Shiah Maisel	Go Easy	2:38	154	D minor
2022-11-30	A	Future House	metr | Adrian Benson | Ima Sobé	Broken Love	2:38	128	A♭ major
2022-11-29	N	Drum & Bass	Birch	Pray For You	2:51	172	G minor
2022-11-25	N	House	Tobu	Back To You	3:29	98	G minor
2022-11-24	N	Drum & Bass	Wiguez | Vizzen | Maestro Chives	Running Wild	3:05	172	A minor
2022-11-23	A	Electro	iFeature	Insanity	2:59	131	B minor
2022-11-22	N	Phonk	Strybo	Curse	1:30	130	A major
2022-11-18	N	Bass House	WATEVA	What I Say	3:35	126	B major
2022-11-17	N	Glitch Hop	Syntact	Ego	4:07	95	B♭ minor
2022-11-16	A	Drum & Bass	MANSHN	Online	3:04	172	C# major
2022-11-15	N	Drum & Bass	Wiguez | P-One	Pray Tonight (borne Remix)	2:46	172	B minor
2022-11-11	N	Melodic Dubstep	Culture Code	Not Giving In	3:07	150	G minor
2022-11-10	N	Drum & Bass	ReauBeau | AVA NOVA	Wizkid	2:43	174	F minor
2022-11-09	A	Future House	Thorne	Wings	3:56	125	B major
2022-11-08	N	EP	if found	twenty five	6:13	-	-
2022-11-08	N	Drumstep	if found | Luma	twenty five	3:18	174	G major
2022-11-04	N	Drum & Bass	Used	Forget	3:24	174	B major
2022-11-03	N	Drum & Bass	Vosai | VinDon	Demnuhbad	3:06	172	F minor
2022-11-02	A	Bass House	JOXION	Go Off	2:25	128	D major
2022-11-01	N	Future House	Uplink	Sinking Ship	2:44	122	C# minor
2022-10-28	N	Trance	NIVIRO	Annabelle's Tea Party	3:08	145	D major
2022-10-27	N	Dubstep	Guy Arthur	Runaway	4:20	150	D major
2022-10-26	A	Drumstep	God's Warrior	By Your Side	3:25	180	B major
2022-10-25	N	Midtempo	Dryskill | Max Brhon	War Machine	3:17	110	A♭ major
2022-10-21	N	Drum & Bass	T & Sugah | NCT | Cammie Robinson	Find A Way	4:24	174	F major
2022-10-20	N	Drumstep	SPIRIT LINK | Swole Sauce | Tom The Gaffer	Stay With Me	2:45	160	F# minor
2022-10-19	A	Drum & Bass	iFeature	Dreamatic	3:49	174	C# minor
2022-10-18	N	Trap	Arcando | ThatBehavior | Vanessa Campagna	Ghost Town	2:32	90	C# minor
2022-10-14	N	Drum & Bass	Rogers & Dean | Amvis	Bloodpressure	3:29	170	B minor
2022-10-13	N	Future Bass	Part Native | Oly	Artificial Love	3:21	150	G minor
2022-10-12	A	Drum & Bass	NO QVLT	Neomorph	2:38	174	C# major
2022-10-11	N	Melodic Dubstep	if found | nøll | damnboy!	die 4 u	2:54	150	C# minor
2022-10-07	N	Synthpop	Aeden | Sketchez	Take It Or Leave It	2:46	96	F minor
2022-10-06	N	Drum & Bass	CHENDA	For You	4:30	170	F# minor
2022-10-05	A	Bass House	JOXION	All Access	2:41	128	D major
2022-10-04	N	Bass House	Raptures | MAZAN	Sweet	2:40	124	A major
2022-09-30	N	Pop	Jim Yosef | Shiah Maisel	Unforgivable	3:00	98	F# minor
2022-09-29	N	Midtempo	Max Brhon	Redemption	4:05	105	F minor
2022-09-28	A	Dubstep	MADZI | ETikka	Blind Heart	2:25	140	F# minor
2022-09-27	N	Pop	SouMix | Bromar	Falling for You	2:10	91	A major
2022-09-26	N	EP	Raptures | Sam Ourt | Halvorsen	Taking Control - The Remixes	6:01	-	-
2022-09-26	N	Future House	Raptures | Sam Ourt | Halvorsen	Taking Control (berx Remix)	3:03	110	B♭ minor
2022-09-26	N	Future House	Raptures | Sam Ourt | Halvorsen	Taking Control (pema. Remix)	2:58	120	C# major
2022-09-24	N	Bass House	Paul Flint	E Welem Bah	2:30	128	A♭ minor
2022-09-22	N	Future House	Vaance | Deerock | Robbie Rosen	Electric (jeonghyeon Remix)	3:00	128	E♭ major
2022-09-21	A	Future House	Thorne	Call On Me	3:05	128	F# major
2022-09-20	N	Drum & Bass	MIDNIGHT CVLT | Wiguez	Can't You Feel It	3:43	172	B♭ major
2022-09-16	N	Future House	Arcando	When I'm With You	3:07	128	A major
2022-09-15	N	Pop	PLEEG	Home	2:49	92	B minor
2022-09-14	A	Future Bass	Mblue	Follow Me	2:45	95	C# major
2022-09-13	N	Future Bass	WBN | Mojnz	Radio	3:27	100	A♭ major
2022-09-09	N	Future House	BEAUZ | Crunr	Illusion	3:17	125	A♭ minor
2022-09-08	N	Traditional	Lost Identities | Robbie Rosen	Moments (Acoustic)	2:48	95	C# major
2022-09-08	N	Funk	Tollef	Like A Stone	3:25	118	F major
2022-09-07	A	Bass House	JOXION	Talk That Way	3:16	128	B minor
2022-09-06	N	Drum & Bass	Facading	Tonight	2:32	170	D minor
2022-09-02	N	Trap	32Stitches | CHENDA | Harley Bird	Freedom	3:45	170	C# minor
2022-09-01	N	Drumstep	CADMIUM | Shiah Maisel	Blame It On Me	2:53	180	C minor
2022-08-31	A	Synthwave	Netrum | Halvorsen	Circle	3:58	168	C# minor
2022-08-30	O	Drum & Bass	borne	Out Of Here	2:15	175	C major
2022-08-26	O	Synthpop	Aeden	Would You Be Waiting	2:57	100	A major
2022-08-25	O	Future Bass	Johnning	WHAT THE HELL (OBLVYN Remix)	2:59	105	B major
2022-08-23	O	Future Bass	Arya	Don't Know Why	2:04	150	C minor
2022-08-19	O	House	Elektronomia | Stahl | RUD	Caramel	4:02	128	F major
2022-08-19	O	Drum & Bass	Jay Eskar | Srikar	To The Top (JJL Remix)	3:02	172	D minor
2022-08-18	O	Drum & Bass	4URA | Young Viridii	Yesterday	3:26	176	B major
2022-08-16	O	Hardstyle	Axel Oliver | THEBOYWITHSPEC	Survive	4:08	150	C minor
2022-08-12	O	EP	Electro-Light	The Symbolism Trilogy	13:11	-	-
2022-08-12	O	Future Bass	Electro-Light	Symbolism pt. III	4:06	170	C# major
2022-08-12	O	House	Tobu	Memory Lane	4:02	115	C major
2022-08-11	O	Midtempo	Lost Sky | She is Jules	Darkness	3:41	76	D minor
2022-08-09	O	Drumstep	Jim Yosef	Samurai	3:20	180	F minor
2022-08-05	O	Moombahcore	Everen Maxwell	Bot Fight	4:35	115	E♭ major
2022-08-04	O	Future House	CADMIUM | JAMZ | SIMONNE	Believe Me	3:16	105	A♭ minor
2022-08-02	O	Drum & Bass	borne	Calling Out	2:08	172	A♭ major
2022-07-29	O	Future Bass	JJD | Division One | Halvorsen	Somebody Like Me	2:50	105	C# major
2022-07-29	O	House	Syn Cole	Need Ya	2:40	124	B minor
2022-07-28	O	Bass House	Fiko | BLUK	Too Hot To Handle	2:15	128	A♭ major
2022-07-26	O	Drum & Bass	Near x Far	Not Enough	3:40	172	A♭ major
2022-07-22	O	Dubstep	Papa Khan	AWOL	3:35	112	F# minor
2022-07-22	O	Bass House	Paul Flint	The Feeling	2:28	128	B minor
2022-07-21	O	Future House	Gelow | BPRTS	Sunshine	2:40	126	F minor
2022-07-19	O	Future Bass	Arya | borne | Lynzz	Need U	1:57	145	C major
2022-07-15	O	Midtempo	RDLS | Facading	Come Alive	2:56	110	E minor
2022-07-14	O	Pop	Raptures | Moav	Me Times Two	2:52	107	F# major
2022-07-12	O	Pop	PLEEG	Spirit	2:55	165	A major
2022-07-08	O	Dubstep	More Plastic	Old School	2:44	150	C# major
2022-07-08	O	Synthwave	JNATHYN	Dioma (Demo)	2:17	103	F# major
2022-07-07	O	Trap	Zack Merci | CRVN	Nobody	3:10	160	F major
2022-07-05	O	Future Bass	Leat'eq	Sunrise	2:25	145	F# minor
2022-07-01	O	Phonk	Razihel	Faster	2:07	122	D major
2022-07-01	O	Moombahcore	Everen Maxwell	Hyperphantasia	3:59	115	D major
2022-06-30	O	Drum & Bass	The Arcturians | Defunk	Back For More	3:39	174	D major
2022-06-28	O	Trap	SFRNG | MADZI | Custody | Just Isac	No Way Back	2:39	175	E minor
2022-06-24	O	Drum & Bass	More Plastic | VinDon	Patience	3:36	174	C major
2022-06-23	O	Trap	Simbai | Frizzy the Streetz	Set Me Free	2:49	156	C# minor
2022-06-21	O	Trap	Almost Weekend | Max Vermuelen | Michael Shynes	Island	2:09	93	B minor
2022-06-17	O	Drum & Bass	BVRNOUT | Mia Vaile	Take It Easy (D'n'B Edit)	3:24	174	A minor
2022-06-17	O	Breaks	Zack Merci | Nieko	BOUNCE!	2:30	101	A major
2022-06-16	O	Trap	Raptures | SOXX | Barmuda	Signs	2:50	166	G minor
2022-06-14	O	Melodic Bass	borne | Arya | imallryt	One More Try	3:17	140	G major
2022-06-10	O	Melodic Dubstep	Shiah Maisel | ESAI	Away From Me	3:02	145	E minor
2022-06-09	O	Melodic Dubstep	Tetrix Bass | ROY KNOX | Ellen Louise	When I'm Gone	3:24	150	C# minor
2022-06-07	O	Bass House	Raptures | DigEx	Feel	2:36	124	B major
2022-06-03	O	Electro	Everen Maxwell	A Day At Sea	3:08	128	E minor
2022-06-02	O	Dubstep	Wiguez | EH!DE | Agassi	The Path	4:04	150	E minor
2022-05-31	O	Garage	Evanly	Hurt Me	2:12	136	B♭ minor
2022-05-27	O	Dubstep	Papa Khan	I GOT YOU	2:47	149	F# minor
2022-05-26	O	Drum & Bass	The Arcturians | Defunk	Emotions	3:44	174	B♭ minor
2022-05-24	O	Drumstep	Perk Pietrek | Abstrakt	Pressure	3:14	113	G major
2022-05-21	O	EP	Cajama	Alone	10:53	-	-
2022-05-20	O	Bass House	Cajama	Alone	3:34	132	C major
2022-05-20	O	Bass House	Cajama	You Did Me Wrong	2:05	132	C# major
2022-05-19	O	Future Bass	STAR SEED | Cafe Disko | Michaella	Innocent	2:52	150	C major
2022-05-17	O	Drum & Bass	Raptures	Spark	2:55	176	E major
2022-05-13	O	Electro	Cajama	Retrophonic	2:32	132	C# major
2022-05-13	O	Trap	Egzod | Arcando | Mathew V	Runaway	3:26	150	E minor
2022-05-12	O	EP	Cartoon | Daniel Levi	On & On (The Remixes)	9:29	-	-
2022-05-12	O	Drum & Bass	Cartoon | Daniel Levi	On & On (Time To Talk Remix)	3:00	174	B major
2022-05-12	O	Future House	Cartoon | Daniel Levi	On & On (Affe & Cole Phillips Remix)	3:13	128	A♭ minor
2022-05-12	O	Future Bass	Cartoon | Daniel Levi	On & On (nuumi Remix)	3:15	176	C major
2022-05-10	O	Future House	Keerthin	Escape	2:39	128	E minor
2022-05-06	O	House	Tobu | Tom Mårtensson	If I Disappear	3:28	120	D major
2022-05-05	O	Bass House	Tisoki | Cajama	Feelings	2:41	128	B minor
2022-05-03	O	Drum & Bass	James Roche	Away	3:25	174	A♭ minor
2022-04-29	O	Trap	Egzod | Maestro Chives | Alaina Cross	No Rival	3:18	160	B minor
2022-04-28	O	Trap	Jay Eskar | Srikar	To The Top	2:41	85	D minor
2022-04-26	O	Drum & Bass	Wiguez | P-One	Pray Tonight	3:26	172	B minor
2022-04-22	O	Drum & Bass	Andromedik | Used	Take Me	3:13	174	B♭ minor
2022-04-21	O	House	Elektronomia | Lunaar | Donna Tella	Champions	3:30	100	C# major
2022-04-19	O	Future House	MILANE | Greg Aven	Like You	2:30	126	B minor
2022-04-15	O	Future House	Sam Ourt | AKIAL | Srikar	Escape	2:22	123	E♭ minor
2022-04-14	O	Pop	Lost Identities | Robbie Rosen	Moments	3:39	95	C# major
2022-04-12	O	Future Bass	Arya | blankfaces	Daydream	2:49	140	C# minor
2022-04-08	O	Dubstep	Rival | CRVN	Falling	3:35	145	D minor
2022-04-07	O	Future Bass	Shiah Maisel | Abstrakt | Perk Pietrek	Running Away	2:31	155	A major
2022-04-05	O	Future Bass	Zeneth | Knoir | Gabriella	Beam	3:34	168	B minor
2022-04-01	O	Glitch Hop	Arcando | Britt Lari	In My Head	3:08	115	C# major
2022-03-31	O	Drumstep	T & Sugah | Mara Necia	Bring Me The Light (Rob Gasser Remix)	4:11	174	C# major
2022-03-31	O	Drum & Bass	T & Sugah | Miyoki | NCT	Stardust (T & Sugah & NCT VIP) (Rex Hooligan Remix)	4:16	174	A♭ major
2022-03-29	O	Drumstep	QR	XXI	2:40	175	C major
2022-03-25	O	Drum & Bass	Cartoon | Andromedik | Jüri Pootsmann	Whatever	3:25	174	G minor
2022-03-24	O	Drum & Bass	Millbrook | Felix Samuel	Lost Without You	3:44	87	B♭ minor
2022-03-22	O	Glitch Hop	Wiberg | WBN	Complicated	2:40	100	C minor
2022-03-18	O	House	NIVIRO | Harley Bird	The Edge	3:22	128	C major
2022-03-17	O	Future Bass	Abstrakt	Nobody Else	2:42	133	A♭ major
2022-03-15	O	Future House	DigEx	Fall In Love	2:37	125	F# minor
2022-03-11	O	Pop	Neoni	Haunted House	3:01	105	A minor
2022-03-10	O	Drumstep	OBLVYN | RIELL	With You	3:30	180	C major
2022-03-08	O	Drum & Bass	Anna Yvette	Running Out Of Time	3:26	160	B♭ minor
2022-03-04	O	Trap	RYVN	Avatar	2:34	100	D major
2022-03-03	O	Future Bass	Coopex | Nito-Onna | DJ Frog	Whispered Promises	2:49	90	B minor
2022-03-01	O	Future Bass	Goodknight.	Freedom	3:03	80	A♭ major
2022-02-25	O	Future House	Diviners | Azertion | Dayce Williams	Reality	2:40	126	D minor
2022-02-24	O	Garage	Beave	Talk	3:02	129	E♭ minor
2022-02-22	O	Funk	Tollef	Take Our Time	2:34	118	A♭ minor
2022-02-18	O	Drumstep	Zack Merci | Nieko	Ray Of Light	2:45	170	D major
2022-02-17	O	Future House	Jay Eskar | Doxed | Rico 56	Let's Run Away	2:46	128	E♭ minor
2022-02-15	O	Future House	Chris Later | Dany Yeager	There's Nobody Else	2:41	128	C# major
2022-02-11	O	Bass House	Kato | Spyker | TOBSIK	Odyssey	2:20	126	C major
2022-02-10	O	Future House	Alva Gracia	Emotions Like	2:35	126	F# minor
2022-02-08	O	Future House	Fiko	Waiting for You	2:45	128	C# major
2022-02-04	O	Melodic Dubstep	Abandoned | GalaxyTones | DNAKM	Luna (Mendum Remix)	3:25	140	B minor
2022-02-03	O	Drumstep	if found	Dead Of Night VIP	4:02	174	E minor
2022-02-01	O	Dubstep	Icehunt | Broad Run | Arnie Woods | Ethan Heckard	Back To Time	3:19	150	E minor
2022-01-28	O	Melodic Dubstep	CHENDA | Shiah Maisel	Find You There	4:02	115	C# minor
2022-01-27	O	House	Elektronomia	Collide	3:41	130	F# major
2022-01-25	O	Trap	Isolated	Circus	3:16	90	A♭ major
2022-01-21	O	Pop	Johnning	WHAT THE HELL	2:50	105	B major
2022-01-20	O	Trap	Sam Day | Dust of Apollon	Take You Home	2:46	154	F minor
2022-01-18	O	Dubstep	Lochlainn	The Garden	2:54	160	B minor
2022-01-14	O	Pop	Neoni	Levitate	3:03	98	G major
2022-01-13	O	Trap	Donkong | HANNY	Binary	3:45	164	F# major
2022-01-11	O	Future Bass	Almost Weekend | Max Vermuelen | Jimmy Rivler	Let Me Go	2:40	100	D minor
2022-01-07	O	Trap	Poylow | Nito-Onna	Got Me	3:23	75	B major
2022-01-06	O	Future Bass	Heuse | METAHESH | Noctilucent	I'll Be Here	2:36	124	A major
2022-01-04	O	Breaks	Dwonji	COME UP	3:31	108	D major
2021-12-31	O	Pop	Jim Yosef | Shiah Maisel	Slow Down	2:29	100	A major
2021-12-30	O	Melodic Dubstep	Vosai | Facading | Linn Sandin	Fighting Fire	2:47	152	C# major
2021-12-28	O	Future House	DigEx	Trust Me	2:52	126	E minor
2021-12-24	O	Drumstep	Cartoon | Daniel Levi	On & On (Cartoon, HAVSUN & WAYOUT VIP)	3:58	174	A♭ minor
2022-12-23	O	Dubstep	Zack Merci | ARCANA	Into The Wild	2:53	155	A major
2021-12-21	O	Trap	IntoAlter | Too Martian | Peter Piffen	When We Leavin	2:46	130	F major
2021-12-17	O	Melodic Dubstep	Severin | Like Lions	I Hear Sleigh Bells	3:07	150	F major
2021-12-17	O	Trap	Poylow | BAUWZ | Nito-Onna	Hate You	3:00	128	B minor
2021-12-17	O	EP	Sam Day	Evergreen	10:30	-	-
2021-12-17	O	Chillout	Sam Day | wes mills	Running Away	3:21	120	E major
2021-12-17	O	Garage	Sam Day	If You	2:48	120	E minor
2021-12-16	O	House	Vaance | Deerock | Robbie Rosen	Electric	3:38	123	E♭ major
2021-12-14	O	Funk	Tollef	Capsized	3:39	124	C# major
2021-12-10	O	Bass House	Dirty Palm | Benix	Legacy	2:39	128	G major
2021-12-10	O	EP	OVSKY	Time	7:45	-	-
2021-12-10	O	Future House	OVSKY	Lucky Charm	2:44	122	B minor
2021-12-10	O	Future House	OVSKY	Way To You	2:42	120	B♭ major
2021-12-09	O	Trap	PHI NIX	The Word Is Out	2:34	95	C# minor
2021-12-07	O	Garage	Sam Day	Nothing To Hide	3:21	130	A minor
2021-12-03	O	Electro	Chime | MDK	Arcade Dwellers	4:20	128	D minor
2021-12-02	O	Hardcore	Clarx	Disco	1:50	160	G major
2021-11-30	O	Future House	OVSKY	Time	2:19	120	B♭ major
2021-11-27	O	Midtempo	NCT | Shiah Maisel | Too Martian	News To Me	3:33	91	C minor
2021-11-25	O	Breaks	EBEN	Promise	2:56	150	E minor
2021-11-23	O	Pop	FROZT | Andrew A | Moav	Sleeping Till Noon	2:35	105	C# major
2021-11-19	O	Midtempo	Facading	Feelings	2:40	105	D major
2021-11-18	O	Trap	Slashtaq | Wanden	Full Speed Ahead	2:59	175	F# minor
2021-11-16	O	Future House	Sam Ourt | FERGO	Love Me	2:12	122	F# major
2021-11-12	O	House	Syn Cole	Melodia	2:46	124	B minor
2021-11-11	O	Future House	Mo Falk | OVSKY	Home	3:03	122	E major
2021-11-09	O	Chillout	STAR SEED | Zoe Moon	Cayenne	4:29	91	B major
2021-11-05	O	Trap	M.I.M.E | The LJ	Push The Gas	2:48	165	A major
2021-11-04	O	Future Bass	Lost Identities | Rob Roth	For Me	2:34	140	E♭ major
2021-11-02	O	Funk	Jack Shore | Tollef | Jaime Deraz	Dreaming Of Me	3:19	124	E♭ major
2021-10-30	O	Compilation	Various Artists	NCS10	1:41:15	-	-
2021-10-28	O	Trap	Dirty Palm | Chandler Jewels	Ropes	3:08	75	F major
2021-10-26	O	Melodic Dubstep	ROY KNOX | Derpcat | imallryt	Only You	3:00	160	F minor
2021-10-22	O	Melodic Bass	Lost Sky | She is Jules	Vision pt. II	3:28	150	E♭ minor
2021-10-22	O	Rock	Halvorsen | Netrum	Phoenix (But It's Punk Rock)	3:44	165	C# major
2021-10-21	O	Glitch Hop	DEAF KEV | Sendi Hoxha	Invincible pt. II	3:15	98	B minor
2021-10-19	O	Trap	Le Malls	FOR YOU	2:29	150	A♭ major
2021-10-15	O	Dubstep	SirensCeol	Stay	2:53	145	A major
2021-10-14	O	Drumstep	Netrum	Pixie Dust	3:58	166	B♭ major
2021-10-12	O	Compilation	Various Artists	screen time	23:55	-	-
2021-10-12	O	Drumstep	Jonth | Tom Wilson | Facading | MAGNUS | Jagsy | Vosai | RudeLies | Domastic	Heartless	3:03	172	C# major
2021-10-08	O	Electro	TOKYO MACHINE	SLASH	4:11	128	E major
2021-10-08	O	Dubstep	Koven	Looking For More	4:04	150	F minor
2021-10-07	O	House	Elektronomia | RUD	Rollercoaster	3:40	128	F major
2021-10-05	O	Future House	Time To Talk | Azertion | JJD | Axollo	Street Lights	2:27	124	C# major
2021-09-30	O	Synthwave	JNATHYN	Rise	3:04	118	E minor
2021-09-28	O	Rock	Clarx | Catas | Le Malls | CHENDA | Anikdote | Shiah Maisel	Numb The Pain	2:33	136	A♭ major
2021-09-25	O	Glitch Hop	Rival | Asketa & Natan Chaim	Superhero In My Sleep	3:06	103	C minor
2021-09-23	O	Future Bass	Abstrakt	U	2:54	142	F minor
2021-09-21	O	Drumstep	Sekai | Spitfya | Rob Gasser | Emily Stiles	Mistakes	4:20	174	G minor
2021-09-17	O	Melodic Bass	Arc North | Donna Tella	Symphony	3:10	160	C minor
2021-09-16	O	Dubstep	Papa Khan	Wounds	2:49	75	C minor
2021-09-15	O	House	Tobu	Lost	3:01	128	B minor
2021-09-14	O	Future House	Clarx | Debris | 3rd Prototype | Castion | EMDI | Harley Bird	Evolution	2:28	118	F minor
2021-09-10	O	Future House	Curbi	What You Like	2:38	128	C# major
2021-09-09	O	Trap	JJD | Molly Ann	A New Adventure	3:22	90	F# minor
2021-09-07	O	Future House	RudeLies | Distrion | Alex Skrindo | Axol	Together	2:45	126	F# minor
2021-09-03	O	Future Bass	Cartoon | Time To Talk | Asena	Omen	2:57	175	B♭ minor
2021-09-02	O	Trap	Tom Wilson | Jauque X	Zero Gravity	2:31	154	F minor
2021-08-31	O	Pop	Diviners | IZECOLD | Tim Beeren | CRVN | Molly Ann	This Time	2:36	102	B major
2021-08-27	O	Future Bass	JPB | Aleesia	High	2:28	150	A major
2021-08-24	O	Future House	THYKIER	Station 2	3:04	126	C# minor
2021-08-20	O	Synthwave	Netrum | Halvorsen	Phoenix	3:58	165	B♭ min > A maj
2021-08-19	O	Future Bass	Razihel	A Song About You	2:26	155	B minor
2021-08-17	O	House	Jim Yosef | Electro-Light | Anna Yvette | DEAF KEV | Tobu	Destiny	3:41	128	F major
2021-08-14	O	Hip Hop	Simbai | Frizzy The Streetz	Crazy	3:01	147	C major
2021-08-12	O	Melodic Dubstep	Alex Skrindo | Severin | Like Lions	Heart	2:43	150	C# minor
2021-08-10	O	House	NATSUMI	Take Me Away	2:54	150	D major
2021-08-06	O	Future House	Alisky	On	2:41	115	G minor
2021-08-05	O	House	Clarx | Halvorsen	Done	2:37	126	C minor
2021-08-03	O	Midtempo	Siberian Express	Talk To Me	2:55	108	B♭ minor
2021-08-26	O	Melodic Bass	Culture Code | Alexis Donn	You & I	3:29	142	D major
2021-07-30	O	Trap	Zeus X Crona | Shiah Maisel	Run & Hide	2:42	170	F major
2021-07-29	O	Drum & Bass	Egzod | Maestro Chives | Neoni	Royalty (Wiguez & Alltair Remix)	3:32	172	F minor
2021-07-27	O	Drum & Bass	Siimi | m els	Here For Me	4:05	174	A♭ major
2021-07-23	O	Moombahton	JPB | M.I.M.E | Drama B	Long Night pt. II	2:17	94	F minor
2021-07-22	O	EP	MAGNUS	House Party	14:07	-	-
2021-07-22	O	Bass House	MAGNUS	Lose Control	2:26	126	E♭ minor
2021-07-22	O	Bass House	MAGNUS | The Saint	Pretty Woman	3:09	126	D major
2021-07-20	O	Drumstep	Highlnd | Rachel Lorin	How To Love	3:32	180	F minor
2021-07-16	O	Trap	Rival | Neoni	Throne (Lost Identities Remix)	3:13	160	A♭ major
2021-07-15	O	Drum & Bass	T & Sugah | Mara Necia	Bring Me The Light	4:35	174	C# major
2021-07-13	O	EP	THYKIER	Shimmer	9:04	-	-
2021-07-13	O	Bass House	THYKIER	Shimmer	2:55	127	D minor
2021-07-13	O	Bass House	THYKIER	Outside	2:51	126	C# major
2021-07-13	O	Bass House	THYKIER	Inferior	3:17	126	B♭ major
2021-07-09	O	Bass House	MAGNUS	Like This	2:44	127	D major
2021-07-08	O	Drum & Bass	Cream Blade | romi	Daydream	3:54	174	G major
2021-07-06	O	Trap	hayve | imallryt	Half Alive	2:45	165	A minor
2021-07-02	O	House	Time To Talk | Roses	Bittersweet	3:31	126	F# major
2021-07-01	O	Breaks	Guy Arthur | Clarx | Veronica Bravo	For Good	2:50	121	F# minor
2021-06-29	O	Future Bass	STAR SEED	Chasing Stars	3:05	150	A major
2021-06-25	O	House	Diviners | Azertion	Feelings	2:54	128	E♭ major
2021-06-25	O	Bass House	MAGNUS | VinDon	Talk Is Cheap	2:53	126	C# major
2021-06-24	O	Melodic Dubstep	CHENDA	Mr. Bully	4:12	150	B♭ major
2021-06-22	O	Glitch Hop	Halvorsen	Band-Aid	2:59	110	F# major
2021-06-18	O	Traditional	James Burki	Hold On (Acoustic)	3:13	167	B♭ major
2021-06-18	O	Drum & Bass	Cartoon | nublu | Gameboy Tetris	Biology	3:14	86	G major
2021-06-17	O	Trap	LBLVNC | Godmode	Power!	2:37	75	E♭ minor
2021-06-15	O	Bass House	MAGNUS | Whats Gud	Sanity	2:54	126	D major
2021-06-11	O	Dubstep	Slippy | Blosso | GLNNA	Horizon (Back To Life)	3:20	150	B major
2021-06-10	O	Future House	Alisky | VØR	Grow	2:33	124	C minor
2021-06-08	O	Hardcore	Rameses B	Hardwired	5:02	174	F major
2021-06-04	O	Midtempo	Facading	Freefalling	2:33	85	F minor
2021-06-03	O	Garage	Abandoned | GalaxyTones | DNAKM	Luna	3:20	128	B minor
2021-06-01	O	Drum & Bass	More Plastic	Rewind	3:24	174	B major
2021-05-28	O	Future House	Clarx | Moe Aly	Healing	3:01	140	G minor
2021-05-27	O	Synthwave	CHENDA | Shiah Maisel	Ten More Minutes	3:42	164	G major
2021-05-24	O	EP	if found	YOU	9:44	-	-
2021-05-24	O	Trap	if found	Need You	3:17	150	A♭ minor
2021-05-21	O	Trap	Doctor Neiman | Micah Martin	Wait For Me	3:36	155	F minor
2021-05-20	O	Trap	Egzod | EMM	Game Over	4:08	90	F major
2021-05-18	O	House	Time To Talk | Avaya | RYVM	Found You	2:44	122	G major
2021-05-14	O	Pop	Cartoon | Jason Diaz	Don't Be A Stranger	2:59	115	G♭ major
2021-05-14	O	Trap	if found	Can't Deny	3:17	160	F minor
2021-05-13	O	Trap	Raptures | VØNH | Halvorsen	Left Me Blind	3:32	88	D minor
2021-05-11	O	Melodic Bass	Heuse | Woolley | TARYN	Don't Hold Me Down	2:48	150	E♭ minor
2021-05-07	O	Drum & Bass	Kisma	Fly Again	3:10	172	G major
2021-05-07	O	EP	Diamond Eyes	i, re(i)magined	9:53	-	-
2021-05-07	O	Traditional	Diamond Eyes	Father (re(i)magined)	4:34	59	F# minor
2021-05-07	O	Traditional	Diamond Eyes	23 (re(i)magined)	1:47	117	E minor
2021-05-07	O	Traditional	Diamond Eyes	Gravity (re(i)magined)	3:36	134	F# minor
2021-05-06	O	Drum & Bass	More Plastic | hayve	Feel Alive	3:02	174	F major
2021-05-04	O	Bass House	MIDNIGHT CVLT | Le Duke	Time Travel	3:38	125	E♭ minor
2021-04-30	O	Future Bass	Coopex | EBEN | Shiah Maisel	Ruined My Life	3:18	160	C# minor
2021-04-30	O	Trap	if found	Met You	3:10	160	C# major
2021-04-29	O	House	Elektronomia | RUD	Memory	4:15	125	G major
2021-04-27	O	Hardcore	QUB3 | Quickdrop | B0UNC3	Stay Or Be Alone	3:05	170	B major
2021-04-23	O	Melodic Bass	Jim Yosef | EMM	Shudder	2:48	145	G major
2021-04-22	O	Trap	Egzod | Maestro Chives | Neoni	Royalty	3:43	80	E minor
2021-04-20	O	Trap	SVRRIC | RUINDKID | Silent Child	Fall To My Grave	3:39	110	A♭ minor
2021-04-16	O	Trap	Zeus X Crona | Veronica Bravo	Who Doesn't Wanna Fall In Love	2:14	150	D major
2021-04-15	O	Future House	Jonth | VinDon	Badniss	2:55	126	C# major
2021-04-13	O	Drum & Bass	Wiguez | Vizzen	Love Me Better	2:53	172	G minor
2021-04-09	O	Trap	DISTO | Todd Helder	DISTODD	2:48	155	B minor
2021-04-08	O	EP	Diamond Eyes	i, Father	11:53	-	-
2021-04-08	O	Melodic Dubstep	Diamond Eyes	Father	3:57	126	E major
2021-04-06	O	Bass House	Subshock & Evangelos | MIDNIGHT CVLT	Beyond The Skies	2:49	132	D major
2021-04-02	O	Trap	Rival | Neoni	Throne	3:32	154	C minor
2021-04-01	O	Dubstep	Mendum | Abandoned | DNAKM	Voyage	4:22	140	G major
2021-03-30	O	Future Bass	Kozah	Cali4nia	4:16	178	G minor
2021-03-26	O	Future House	Robin Hustin | Jessica Chertock	Burn It Down	2:47	126	C# minor
2021-03-25	O	Trap	Fabian Mazur | Arcando	Elevate	2:52	150	D minor
2021-03-23	O	Synthpop	Time To Talk | Dave Marriner	Say The Words	2:55	150	D minor
2021-03-19	O	Trap	JPB	Top Floor	3:36	140	A minor
2021-03-19	O	Traditional	RIELL	Redemption (Acoustic)	3:13	149	G minor
2021-03-18	O	Pop	PHI NIX | Hoober	Overdosin'	3:03	92	G major
2021-03-16	O	Future Bass	Cytrax | Émilie Rachel	Feelings	2:48	160	C# minor
2021-03-12	O	Pop	N3WPORT | Meggie York	Runaway	3:33	90	D major
2021-03-11	O	Pop	Hoober | Vanessa Campagna	Higher	2:52	100	G major
2021-03-09	O	Trap	Hush	Freaky	2:58	165	A major
2021-03-05	O	Trap	Whales | Jo. Cohen	Love Is Gone	2:54	150	B minor
2021-03-04	O	Melodic Dubstep	Abandoned | ENROSA	Out of the Grave	3:23	150	C minor
2021-03-02	O	Melodic Bass	Kozah	Paradox	3:41	150	C major
2021-02-26	O	Trap	Vosai	Young & Wild & Free	2:31	136	C# major
2021-02-25	O	Drum & Bass	Facading	You And Me	2:29	172	F minor
2021-02-23	O	Trap	Mandrazo | The FifthGuys | OTG Stiffy	Burn 'Em	2:48	100	D major
2021-02-19	O	Trap	Tom Wilson | M.I.M.E	Run For Your Life	2:50	152	C# major
2021-02-18	O	Trap	32Stitches	Uncharted	2:32	170	C# major
2021-02-16	O	Synthpop	Outwild | She Is Jules	Golden	4:09	100	C# major
2021-02-12	O	House	Electro-Light | Shiah Maisel	Letter	2:51	128	G major
2021-02-11	O	Dubstep	hayve	Red Light	2:58	152	B♭ minor
2021-02-09	O	Pop	Zack Merci | ARCANA	Love Potion	2:44	105	G minor
2021-02-05	O	Trap	N3WPORT | M.I.M.E	Touchdown	2:55	160	C# major
2021-02-04	O	EP	Egzod	The Revolution (Remixes)	10:02	-	-
2021-02-04	O	Midtempo	Egzod | EMM	Don't Surrender (Abandoned Remix)	3:12	90	F minor
2021-02-04	O	Drum & Bass	Egzod | Wasiu	Mutiny (CHENDA Remix)	3:40	170	G major
2021-02-04	O	Trap	Egzod | Neoni	The Revolution (Arc North Remix)	3:10	156	E minor
2021-02-02	O	Synthwave	JNATHYN	Dioma	3:52	103	F# major
2021-01-29	O	Drum & Bass	Andreas Stone | Denniz Jamm	Black Sunrise	3:52	172	F minor
2021-01-28	O	Funk	Steve Hartz	Never Give Up	3:28	115	C# minor
2021-01-26	O	Future House	Poylow | Godmode	Victory	3:10	128	B minor
2021-01-22	O	Trap	Julius Dreisig | Mandrazo	Swalla	2:43	96	A major
2021-01-21	O	Drumstep	Vosai | Facading | Linn Sandin	Crossed The Line	2:27	176	D minor
2021-01-19	O	Future House	Raptures | jeonghyeon	Into The Light	2:28	126	C# major
2021-01-15	O	Drumstep	Abandoned | Shiah Maisel	Finally Healing	3:00	172	F major
2021-01-14	O	Melodic Bass	Kozah	Nobody	3:41	150	D minor
2021-01-12	O	Trap	SOXX	Trouble With Love	2:36	135	C major
2021-01-08	O	Trap	JPB | Mendum | Marvin Divine	Losing Control	3:07	155	C# major
2021-01-07	O	House	Arlow | Shiah Maisel	21	3:30	128	F# major
2021-01-05	O	Future House	Castion	Banger Machine	2:25	124	B major
2021-01-01	O	House	Elektronomia	Sky High pt. II	4:07	128	C minor
2020-12-31	O	House	Jim Yosef | STARLYTE	Firefly pt. II	3:45	130	G# minor
2020-12-29	O	Drumstep	if found	Dead of Night	3:53	180	D major
2020-12-25	O	Melodic Bass	Lost Sky	Need You	4:37	129	F# major
2020-12-25	O	Traditional	Luke Burr	Dancing On The Moon (Acoustic)	2:52	181	C major
2020-12-24	O	Trap	Barren Gates	Obey	2:27	140	G minor
2020-12-22	O	Trap	Rebel Scum | Dani King | Centrix	Calm Before The Storm	4:13	174	C# major
2020-12-18	O	Hardstyle	NIVIRO	Demons	3:12	160	F minor
2020-12-18	O	EP	Various Artists	Wreck Out	19:57	-	-
2020-12-18	O	Drum & Bass	Laminar	Osiris	4:13	175	G major
2020-12-18	O	Drum & Bass	hayve	Space Jam	4:19	174	B minor
2020-12-18	O	Midtempo	Everen Maxwell	Accelerate	4:15	105	B minor
2020-12-18	O	Drumstep	Snowfyre	Primitive	3:31	177	C# major
2020-12-17	O	Drum & Bass	Netrum | Halvorsen	Shivers	3:18	161	C# major
2020-12-15	O	Future House	Jonth | Hilefex	Non Stop	2:41	128	B♭ minor
2020-12-11	O	Dubstep	Todd Helder	Never Stop	2:06	150	E minor
2020-12-10	O	Drumstep	Tim Beeren | CHENDA | Jon Becker	No Pressure	3:31	160	G minor
2020-12-08	O	Bass House	LOUD ABOUT US!	Goes Like	3:18	126	B minor
2020-12-04	O	Drum & Bass	V O E	Giants	3:37	174	C# major
2020-12-03	O	Melodic Dubstep	ROY KNOX | Ellen Louise	Waterfall	3:50	148	F minor
2020-12-01	O	Bass House	MIDNIGHT CVLT | Simon Beatz	One Shot	2:57	125	C# major
2020-11-27	O	Album	Unknown Brain	Faceless	46:38	-	-
2020-11-27	O	Ambient	Unknown Brain	Outro	0:31	79	F minor
2020-11-27	O	Future Bass	Unknown Brain | Charlotte Sands	Last Thing	2:35	90	C major
2020-11-27	O	Future House	Unknown Brain | Emily J	Don't Bother	2:34	128	F minor
2020-11-27	O	Future Bass	Unknown Brain	Childhood Dreams	2:51	91	B♭ major
2020-11-27	O	Trap	Unknown Brain | NotEvenTanner	Let You Go	2:21	170	F minor
2020-11-27	O	Breaks	Unknown Brain | Alexis Donn	Dance With Me	2:43	135	C major
2020-11-27	O	Trap	Unknown Brain | Shiah Maisel	Forget You	2:52	160	G major
2020-11-27	O	Trap	Unknown Brain	Oh Darling	2:46	85	C# minor
2020-11-27	O	Pop	Unknown Brain | Ava King	Blackhole	3:19	98	F minor
2020-11-27	O	Future Bass	Unknown Brain | Linn Sandin	Candy	2:46	100	C minor
2020-11-27	O	Trap	Unknown Brain | Marvin Divine | Bri Tolani	Faceless	2:54	95	C minor
2020-11-26	O	Trap	Unknown Brain | NotEvenTanner	Hollywood Perfect	2:42	151	B minor
2020-11-24	O	Trap	Unknown Brain | Glaceo	Jungle Of Love	2:22	150	A♭ major
2020-11-20	O	Trap	Unknown Brain | Hoober | Dax | VinDon	Phenomenon	2:56	100	C major
2020-11-19	O	Future House	Clarx	Ride	2:36	128	F minor
2020-11-17	O	Future House	Axollo | Josh Bogert	Silence	2:25	128	F# major
2020-11-13	O	Dubstep	Barren Gates	You Made A Monster	3:11	150	F# major
2020-11-12	O	Melodic Dubstep	Whales	Lights	3:15	150	C minor
2020-11-10	O	Dubstep	hayve | ROY KNOX | imallryt	Give Up On You	2:35	150	D minor
2020-11-06	O	Bass House	WATEVA | Fiveight	Get $	2:54	126	C major
2020-11-05	O	Dubstep	More Plastic	Let Me Go	3:08	150	G minor
2020-11-03	O	Midtempo	Max Brhon	Pain	3:44	105	G major
2020-10-30	O	Future House	Syn Cole	Time	3:03	122	C major
2020-10-29	O	Drum & Bass	NCT | James Burki	Hold On	3:29	174	D major
2020-10-27	O	Drum & Bass	Rogers & Dean	Jungle	3:29	174	A minor
2020-10-23	O	Trap	Unknown Brain | Kyle Reynolds	I'm Sorry Mom	3:10	92	D minor
2020-10-22	O	Melodic Dubstep	Electro-Light | Danyka Nadeau	Where It All Began	3:51	140	G major
2020-10-20	O	Trap	T-Mass | Britt Lari	Like Me	3:32	142	F minor
2020-10-16	O	Dubstep	Rival | CRVN	Lonely Way	3:44	78	D minor
2020-10-15	O	Midtempo	Facading	Take it Down	2:57	105	C# major
2020-10-13	O	Future House	Carl Zeer | Waterbeld | Fearon	Talk To Me	2:51	126	G minor
2020-10-09	O	Future House	Clarx	Shakedown	2:45	105	G major
2020-10-08	O	Future Bass	ROY KNOX | Mike Robert	Over My Head	3:12	160	F minor
2020-10-06	O	Future Bass	N3WPORT | Neoni	Alive	3:06	161	A major
2020-10-02	O	Electro	DEAF KEV | Sendi Hoxha	Safe & Sound	3:29	126	E♭ major
2020-10-01	O	Trap	JPB | Marvin Divine	LONG NIGHT	2:05	94	A♭ major
2020-09-29	O	Electro	Drolood	Break It	2:58	130	C major
2020-09-25	O	Pop	Unknown Brain | KAZHI	DEAD	3:29	124	D major
2020-09-25	O	EP	Egzod	The Revolution	8:23	-	-
2020-09-24	O	Trap	Egzod | EMM	Don't Surrender	2:45	89	F minor
2020-09-22	O	Bass House	Midranger	Apocalypse	3:09	128	A major
2020-09-18	O	Melodic Bass	Heuse | Tom Wilson	Ignite	3:23	135	E minor
2020-09-17	O	Trap	Egzod | Wasiu	Mutiny	2:40	113	C major
2020-09-15	O	Dubstep	Netrum	Any Closer	3:54	155	C# major
2020-09-11	O	Future House	Anixto	Joker	2:38	126	E minor
2020-09-10	O	Future Bass	N3WPORT | Leila Pari	Castle	3:29	160	C minor
2020-09-08	O	Future House	The Same Persons	Versace	2:32	118	D major
2020-09-04	O	Future Bass	Unknown Brain | Luke Burr	Dancing On The Moon	3:40	92	C major
2020-09-03	O	Trap	Egzod | Neoni	The Revolution	2:58	156	E minor
2020-09-01	O	Melodic Dubstep	Abandoned | Mendum | Brenton Mattheus	See You At The End	4:12	140	A♭ minor
2020-08-28	O	Trap	The Arcturians	This Is Life	2:50	150	C minor
2020-08-27	O	Drumstep	Tom Wilson	Be Myself	2:54	162	G minor
2020-08-25	O	Drum & Bass	CARBIN | hayve | Emily Makis	Murderer	3:21	174	D major
2020-08-21	O	Trap	Besomorph | EMM	Afterlife	2:13	148	A minor
2020-08-20	O	Breaks	Barren Gates	Devil VIP	3:18	150	B major
2020-08-18	O	Pop	Linko	Goodbye	2:40	107	C# major
2020-08-14	O	Melodic Bass	CADMIUM | Chris Linton	Slow Down	3:38	150	B major
2020-08-13	O	House	Elektronomia	Breeze	3:41	128	C# major
2020-08-11	O	Trap	N3WPORT | braev	Power	3:20	160	A major
2020-08-07	O	Future House	Raptures | Sam Ourt | Halvorsen	Taking Control	2:55	192	B♭ minor
2020-08-06	O	Pop	Diviners | RIELL	Slow	3:09	94	A major
2020-08-04	O	Future House	Jone	Everything	2:56	126	C# minor
2020-07-31	O	Trap	James Mercy | PhiloSofie	Take You On	3:00	150	A minor
2020-07-30	O	Bass House	3rd Prototype	I'm Fine	2:18	128	C# minor
2020-07-28	O	Future Bass	Tom Wilson | Jagsy | braev	All My Love	3:05	145	B minor
2020-07-24	O	House	Mangoo | bby ivy	Happi	2:43	102	B♭ major
2020-07-23	O	Future House	Time To Talk | Georgia Michel	Time To Talk	3:39	127	F minor
2020-07-21	O	Future House	Nomra	Your Body	2:46	124	D major
2020-07-17	O	Melodic Dubstep	Diamond Eyes	23	4:29	150	G minor
2020-07-16	O	Drum & Bass	Chime	Lifelong	3:47	174	C minor
2020-07-14	O	Future House	Jonas Wang	Shining	2:38	126	A major
2020-07-09	O	Dubstep	Xaia | Rain Man | Oly	Breakdown	4:11	140	A♭ major
2020-07-07	O	Midtempo	GALLIUM	All I Wanna	3:41	100	C# major
2020-07-03	O	Melodic Bass	Heuse | WOLFHOWL | RIELL	Daylight	2:54	150	F minor
2020-07-02	O	Funk	Teyeq	Demons	2:35	114	B minor
2020-06-30	O	Trap	Wanden | Slashtaq	Better Off	2:18	84	F# minor
2020-06-26	O	Glitch Hop	Jim Yosef	Fall With Me	2:48	100	A major
2020-06-25	O	Trap	Dark Heart	Crash Test Dummy	2:42	150	B major
2020-06-23	O	Melodic Bass	Brook Xiao | Rachel Horter	Fire	2:54	148	C major
2020-06-19	O	Drum & Bass	Arlow	Freefall	3:16	174	C minor
2020-06-19	O	Traditional	Andreas Stone	Live A Lie (Unplugged)	3:39	79	F# minor
2020-06-19	O	Future House	Cartoon | Asena	Howling (Charlie Lane Remix)	3:03	121	C major
2020-06-18	O	Midtempo	Facading	Walk Away	3:19	100	A major
2020-06-16	O	Melodic Dubstep	BH	Holding On	3:57	140	G minor
2020-06-12	O	Future House	RudeLies | Clarx	Erase	2:53	124	C# major
2020-06-11	O	Trap	Heuse | CRVN	Spirits Say	2:47	140	C minor
2020-06-09	O	Bass House	Jonth	Collapse	2:32	126	C# major
2020-06-05	O	Bass House	Clarx	Money	2:39	128	C# major
2020-06-04	O	Drumstep	Au5 | Danyka Nadeau	Interstellar	6:14	190	B♭ major
2020-06-02	O	Trap	Stereotype	TOKYO 2099	2:41	152	C# major
2020-05-29	O	Pop	MAGNUS | Unread | Alessia Labate	Cool	2:22	112	E♭ minor
2020-05-28	O	Melodic Dubstep	ROY KNOX | Shiah Maisel	Living With Regret	3:44	150	C# minor
2020-05-26	O	Future House	Teyeq	Pull Me Down	2:55	111	F# minor
2020-05-22	O	Synthwave	Jim Yosef	Let You Go	3:41	170	E major
2020-05-21	O	Drum & Bass	Cartoon | Asena	Howling (Andromedik Remix)	3:40	174	C major
2020-05-19	O	Future House	Distrion | Heleen	Alibi	3:13	126	F# minor
2020-05-14	O	Hip Hop	Leat'eq | Aleksei | ELEX | Will Wes	They Watchin' Me	3:22	138	B♭ minor
2020-05-13	O	Electro	TOKYO MACHINE | Guy Arthur	GET UP	3:10	128	C# major
2020-05-12	O	House	Marin Hoxha | CRVN	Eternal	3:51	90	A major
2020-05-08	O	Future Bass	Aeden | Um41K	Ain't Nobody Perfect	2:28	99	B major
2020-05-07	O	Dubstep	More Plastic	Razor	3:28	150	A♭ major
2020-05-05	O	Future Bass	Tinoma	Find You	2:54	174	G minor
2020-05-01	O	Future House	Clarx | Harddope	Castle	2:38	110	A♭ major
2020-04-30	O	Pop	Julius Dreisig | Luna Lark	Where'd You Go	2:29	100	D major
2020-04-28	O	Glitch Hop	Rameses B | Florenza	Can't Let You Go	2:55	100	A♭ major
2020-04-24	O	Trap	HYLO | Disfigure	I'm Here	3:36	160	A♭ minor
2020-04-23	O	Melodic Dubstep	Abandoned | DNAKM	Bring Me Back To Life	4:18	150	D major
2020-04-21	O	Drum & Bass	Cream Blade | romi	Heavenly	4:26	174	F minor
2020-04-17	O	Future Bass	Todd Helder | Guy Arthur | TITUS	Closer	3:26	199	G major
2020-04-16	O	Trap	Besomorph | Arcando | Neoni	Army	3:24	75	F# minor
2020-04-14	O	Dubstep	Netrum | Halvorsen	Colorblind	4:05	159	F# major
2020-04-10	O	Melodic Dubstep	Jim Yosef | ROY KNOX	Sun Goes Down	2:48	148	D minor
2020-04-09	O	Pop	Blooom	Be Around	3:23	110	F minor
2020-04-07	O	Drum & Bass	Audioscribe	Shimmer	4:26	87	D major
2020-04-03	O	Future Bass	Rival | Egzod | Andreas Stone	Live A Lie	3:32	80	F# minor
2020-04-02	O	Drumstep	More Plastic	Power	3:24	160	G major
2020-03-31	O	Dubstep	Razihel	Power Up	3:15	150	D major
2020-03-27	O	Future Bass	Cartoon | Asena	Howling	3:25	174	A minor
2020-03-26	O	Electro	Arlow	Feel So Lucky	2:46	123	C# major
2020-03-24	O	Bass House	Domastic	Memories	3:24	128	C# major
2020-03-20	O	Future Bass	2 Souls | Nara	Lonely	3:15	140	F# major
2020-03-19	O	EP	THYKIER	THE LIMIT	7:40	-	-
2020-03-19	O	Bass House	THYKIER	INTENSIFY	2:38	126	D major
2020-03-17	O	Trap	Levianth | Acejax	Real Love	2:42	160	A♭ major
2020-03-13	O	Future House	Diviners	Stockholm Lights	2:53	115	A♭ major
2020-03-12	O	Trap	Ascence	Without You	2:53	150	G major
2020-03-10	O	Trap	Mountkid	Jellyfish Party	2:54	147	B minor
2020-03-06	O	Future House	Dirty Palm | Purple Velvet Curtains	To The Back	2:36	128	A major
2020-03-05	O	Drumstep	Mendum | Brenton Mattheus	You	3:49	180	D major
2020-03-03	O	Bass House	MIDNIGHT CVLT | Titus1	Better Days	3:18	126	B♭ minor
2020-02-28	O	Midtempo	More Plastic	Champion	3:34	200	B minor
2020-02-27	O	Trap	Fareoh	Illuminati	3:29	138	E minor
2020-02-27	O	Bass House	THYKIER	51	2:38	126	A♭ major
2020-02-25	O	Future House	Aeden | Joellé	I Feel Crazy	2:44	126	C# minor
2020-02-21	O	Drumstep	ROY KNOX | WTCHOUT | Svniivan	Shadows	4:11	180	D minor
2020-02-20	O	Midtempo	Max Brhon	Illusion	3:47	109	C major
2020-02-18	O	Bass House	Olly Walker	Sorry (I Had To Leave)	2:42	128	A♭ major
2020-02-14	O	Pop	Jonny Koch | Annie Sollange	LOVE ME	3:26	112	A minor
2020-02-13	O	Trance	NIVIRO	The Labyrinth	3:08	138	E min > F# min
2020-02-11	O	Drumstep	Mendum | xo sad	Save Myself	3:35	160	A♭ minor
2020-02-07	O	Future House	RudeLies | Distrion	One, Two	2:37	128	D major
2020-02-06	O	Drum & Bass	WATEVA	Ber Zer Ker (Rob Gasser Remix)	3:02	174	G major
2020-02-04	O	Bass House	MIDNIGHT CVLT | The Brig	Can't Escape	3:32	127	C# major
2020-02-06	O	Bass House	THYKIER	THE LIMIT	2:25	126	C# major
2020-01-30	O	Dubstep	Barren Gates | Jon Becker	Pray That You'll Be Dead To Me	3:33	140	A minor
2020-01-28	O	Funk	Steve Hartz	Never Get Old	3:08	112	F# minor
2020-01-24	O	Pop	Simon Says! | Devonte	One More Time	3:12	98	A♭ minor
2020-01-23	O	Trap	Axol | Hoober | Marvin Divine	How We Do It	2:42	150	G major
2020-01-21	O	Trap	Le Malls | Ari G.	Come Through	2:46	139	F major
2020-01-17	O	Dubstep	Diamond Eyes	Gravity	3:27	150	F minor
2020-01-16	O	Pop	Alex Holmes | Dark Point	You Are	3:06	105	B minor
2020-01-14	O	Bass House	Anixto	Ride Or Die	2:57	126	F# minor
2020-01-10	O	Dubstep	Cadmium | Paul Flint	A Stranger's Dead	5:18	150	C# minor
2020-01-09	O	Rock	Sekai	Burn Me Down	3:35	140	F# minor
2020-01-07	O	Future Bass	Andromedik	SHE	3:57	174	D major
2020-01-03	O	Drumstep	ROY KNOX	Blue Eyed Demon	3:20	176	C# major
2020-01-02	O	Future Bass	Kozah	Hyperdrive	3:25	152	A minor
2019-12-31	O	EP	Cartoon | Daniel Levi	Más Y Más / On & On	6:54	-	-
2019-12-31	O	Pop	Cartoon | Daniel Levi	Más Y Más	3:27	174	B major
2019-12-27	O	Trap	JPB	What I Want	2:46	100	E minor
2019-12-25	O	Future House	Syn Cole	Keep Going	3:16	120	C major
2019-12-23	O	Midtempo	Max Brhon	The Future	3:36	109	A major
2019-12-20	O	Drumstep	More Plastic	Summoning	2:35	160	G major
2019-12-20	O	Trap	Zeus X Crona | Max Landry	Lights Turn Out	2:50	150	A♭ major
2019-12-19	O	Funk	Halvorsen	CTRL Z	2:59	122	G minor
2019-12-17	O	Drumstep	Tritan | Ratfoot	Hollow Life	3:59	165	D major
2019-12-13	O	Pop	Johnning | ÉWN | whogaux	Don't Want U Back	3:12	100	D minor
2019-12-12	O	Drum & Bass	Rival | CRVN	Be Gone (Urbandawn Remix)	3:47	172	B♭ minor
2019-12-10	O	Melodic Dubstep	Beatcore | Ashley Apollodor	Everyday	3:30	140	B major
2019-12-06	O	Melodic Dubstep	ROY KNOX | Tim Beeren | Svniivan	Save Me	3:25	157	G minor
2019-12-05	O	Pop	Heather Sommer | Uplink	Chance On Faith	2:46	95	A♭ major
2019-12-03	O	House	3rd Prototype	After The Storm	3:36	128	E♭ major
2019-11-29	O	Drum & Bass	Droptek	New Style	3:38	172	C# major
2019-11-29	O	Trap	Zeus X Crona | AXYL	Lose Me Too	2:52	150	B minor
2019-11-27	O	Drum & Bass	Midranger | Holly Drummond	Unrequited	3:40	155	A♭ major
2019-11-23	O	House	Kovan | LaCrème | Daimy Lotus	Miracle	3:11	128	C minor
2019-11-20	O	Midtempo	Convex | Micah Martin	Home Soon	3:56	90	F minor
2019-11-15	O	Dubstep	The Arcturians | hayve	Bit By Bit	3:31	150	D minor
2019-11-13	O	Drumstep	ROY KNOX	I Wish	2:17	190	F minor
2019-11-09	O	Trap	Unknown Brain | Marvin Divine	Say Goodbye	3:50	170	F major
2019-11-07	O	Melodic Dubstep	Lost Sky | Jex	Where We Started	3:42	150	F# major
2019-11-05	O	Drum & Bass	XØ SELF | ARZĘ	dR3ÄMS	2:37	165	D minor
2019-11-02	O	Melodic Dubstep	Abandoned | Nilka	Sunlight	3:36	145	B major
2019-11-01	O	EP	Modern Revolt	IWANTYOUTOLISTEN	12:29	-	-
2019-11-01	O	Breaks	Modern Revolt	BURY	3:00	100	E minor
2019-11-01	O	Bass House	Modern Revolt	WAVY	3:20	128	C minor
2019-10-31	O	Trance	NIVIRO	Voices In My Head	3:00	138	E minor
2019-10-29	O	Future Bass	Heuse | Austin Salter	That Night	2:08	150	D minor
2019-10-25	O	Trap	Asketa & Natan Chaim | Requenze | M.I.M.E	Warriors	3:48	105	D major
2019-10-23	O	Future House	Melo.Kids | EMDI	My Love	2:07	128	F minor
2019-10-19	O	Bass House	Modern Revolt	LOCA	3:03	134	E♭ minor
2019-10-16	O	Pop	Culture Code | Amanda Collis	Fairytale	3:13	97	F major
2019-10-12	O	Bass House	Modern Revolt	VOLT	3:05	128	G minor
2019-10-09	O	Melodic Bass	Rival | CADMIUM | Micah Martin	In Your Head	4:13	145	F# minor
2019-10-05	O	Melodic Dubstep	ROY KNOX	Earthquake	2:58	155.5	C# major
2019-10-02	O	Future House	Coopex	Over The Sun	2:52	126	A♭ minor
2019-09-27	O	Melodic Dubstep	Mynerva | Nytrix	Find You	3:18	140	D major
2019-09-25	O	Trap	HYLO | Mikey Ceasar | Akacia	Headstrong	3:26	152	B♭ minor
2019-09-20	O	Trance	NIVIRO	Time For Polka	2:57	138	E minor
2019-09-18	O	Trap	Arlow	How Do You Know	2:59	145	D minor
2019-09-13	O	Drumstep	ROY KNOX	Shining	2:37	186	A minor
2019-09-11	O	Future House	Domastic | Anna Yvette	Echoes	3:18	128	B♭ minor
2019-09-06	O	Future House	3rd Prototype	Blue	2:48	128	F major
2019-09-04	O	Future House	EMDI | Veronica Bravo	Hurts Like This	2:23	124	E major
2019-08-30	O	Midtempo	Max Brhon	Cyberpunk	3:35	110	E major
2019-08-28	O	Trap	Coopex	I Miss You	2:42	145	F# major
2019-08-23	O	Future Bass	Ascence	About You	3:04	150	F# major
2019-08-21	O	Drumstep	ROY KNOX	Breathe Me In	3:17	182	F minor
2019-08-16	O	Future House	RudeLies	Down	3:05	128	E minor
2019-08-14	O	Future House	3rd Prototype | Harley Bird | Veronica Bravo	Renegade	3:48	128	F# major
2019-08-09	O	House	Syn Cole	Gizmo	3:11	124	G major
2019-08-07	O	Dubstep	Rival | CRVN	Be Gone	3:54	154	F# major
2019-08-02	O	House	Sk-Hall | Ludwiig	New Beginning	3:09	100	F major
2019-08-02	O	Future House	Ellis	Clear My Head (AFISHAL Remix)	2:57	126	G minor
2019-07-31	O	Trap	Spirix	Rampage Diet	3:29	170	D major
2019-07-26	O	Melodic Dubstep	Beatcore | Ashley Apollodor	Burning Bridges	3:50	140	A major
2019-07-24	O	Synthwave	Anna Yvette	Red Line	4:25	110	G minor
2019-07-19	O	Dubstep	Barren Gates	Devil	2:56	150	F# minor
2019-07-17	O	Trap	PatrickReza	Choices	3:08	150	A minor
2019-07-12	O	Drumstep	Unknown Brain | M.I.M.E	War Zone	3:03	160	F minor
2019-07-10	O	Trap	32Stitches	Olympus	2:32	170	C# minor
2019-07-05	O	Trap	Coopex | NEZZY	You And Me	2:59	154	A♭ major
2019-07-03	O	Future Bass	Ascence	Places Like That	2:59	155	G major
2019-06-28	O	Melodic Dubstep	Raiko | Remi Willow	Lightning Child	3:03	150	G minor
2019-06-26	O	Midtempo	Max Brhon	Humanity	3:18	110	F minor
2019-06-21	O	Future House	RudeLies | Facading	Arabian Nights	3:02	128	E major
2019-06-21	O	Trap	Hoober | RIELL	Wild Side	3:19	130	A minor
2019-06-19	O	Drum & Bass	Aeden | Harley Bird	Find A Way Out	3:06	174	A♭ major
2019-06-14	O	Bass House	WATEVA	dead!	3:01	129	F minor
2019-06-12	O	Hardcore	Rob Gasser | Sekai	Superhero	3:58	170	A♭ minor
2019-06-07	O	Drumstep	Koven | ROY KNOX	About Me	2:34	180	F minor
2019-06-05	O	Future Bass	whogaux	i don't care	2:35	174	G minor
2019-06-01	O	Bass House	Raven & Kreyn	RICH	2:31	128	D minor
2019-05-31	O	Compilation	Various Artists	NCS: Elevate			
2019-05-30	O	Trap	AXEN | HYLO | Akacia	Habits	3:14	150	F# major
2019-05-28	O	Trap	Blooom | Ghost'n'Ghost	Desire	3:04	174	D minor
2019-05-24	O	Trap	Besomorph | Coopex | RIELL	Redemption	2:37	160	G minor
2019-05-23	O	Pop	Mark Pettitt	Something Inside	3:00	105	B♭ minor
2019-05-21	O	Melodic Bass	Cadmium	Change Your Mind	3:22	130	D♭ major
2019-05-17	O	Dubstep	Egzod | M.I.M.E | Veronica Bravo	Rise Up	3:06	154	D minor
2019-05-16	O	Trap	Rival | Bryan Finlay	Walls	4:00	180	G minor
2019-05-14	O	Trap	Vosai	Love Of My Life	3:10	130	C minor
2019-05-10	O	House	Diviners | Rossy	Escape	3:40	125	C# minor
2019-05-09	O	Trap	Tom Wilson | joegarratt	Until I Die	2:19	164	C minor
2019-05-07	O	Trap	Simbai | Eyemèr	Thunder	3:45	95	G minor
2019-05-03	O	Synthwave	Jim Yosef | Sara Skinner	WILDFIRE	3:03	160	A♭ major
2019-05-01	O	Melodic Dubstep	Diamond Eyes	Stars	3:48	145	G minor
2019-04-26	O	Future House	Unknown Brain | Heather Sommer	Perfect 10 (Unknown Brain & RudeLies VIP)	2:37	128	D major
2019-04-26	O	Future Bass	EMDI | RØGUENETHVN | Leo The Kind	Let Your Heartbreak	2:32	145	B major
2019-04-24	O	Future House	BEAUZ | Momo	Won't Look Back	2:58	128	G major
2019-04-19	O	Drumstep	Maduk	Go Home	3:44	175	D major
2019-04-18	O	Future Bass	Summer Was Fun | Laura Brehm	Prism	3:34	93	D major
2019-04-16	O	Dubstep	Barren Gates	Slow Down	2:54	150	E minor
2019-04-12	O	Dubstep	Lost Sky	Vision	3:54	150	F# major
2019-04-10	O	Melodic Dubstep	Whales | ggnoaa	Paranoia	3:55	150	C minor
2019-04-09	O	Dubstep	Raiko	Revenger	3:02	150	D minor
2019-04-05	O	House	Distrion | Max Landry	Chasing Ghosts	3:24	128	F# major
2019-04-04	O	Midtempo	Convex | Jex Jordyn	4U	3:11	92	F minor
2019-04-02	O	Dubstep	Rob Gasser | Veronica Bravo	Hollow	3:42	150	F minor
2019-03-29	O	Future House	Debris | Jonth	Game Time	2:30	128	F minor
2019-03-27	O	Bass House	Domastic	Khalas	2:23	128	F minor
2019-03-22	O	Dubstep	Tobu	Turn It Up	2:57	150	F# major
2019-03-21	O	Synthwave	Maryn | Shel Bee	Shake You Off	3:49	110	F# major
2019-03-19	O	Future Bass	Star Party	Legends	2:37	128	B minor
2019-03-15	O	House	NIVIRO	Flashes	3:19	100	F# minor
2019-03-14	O	Trap	Ascence	Konnichiwa	3:02	150	E major
2019-03-12	O	Hardstyle	ElementD | Chris Linton	Ascend	3:44	150	C# major
2019-03-08	O	Synthwave	KIRA	New World	3:38	90	D major
2019-03-07	O	Bass House	Rob Gasser | Michael White | Miss Lina	Modular	3:34	128	F# minor
2019-03-05	O	Drum & Bass	Futuristik	Forgive Me	3:04	174	F minor
2019-03-01	O	Future House	Jim Yosef	Moonlight	3:35	128	C major
2019-02-28	O	Future Bass	Marin Hoxha	Endless	2:54	140	C# major
2019-02-26	O	Trap	Barren Gates | BEAUZ | Harley Bird	Tomorrow	2:36	155	F minor
2019-02-22	O	Future House	Dirty Palm	No Stopping Love	3:03	126	C# minor
2019-02-22	O	Melodic Bass	Halcyon | Valentina Franco	Runaway (Heuse Remix)	2:09	150	G major
2019-02-21	O	Future House	Clarx	Bones	3:01	118	G minor
2019-02-19	O	Drum & Bass	Approaching Nirvana | Alex Holmes	Darkness Comes	4:07	170	A minor
2019-02-18	O	Future House	Ellis	Clear My Head	3:38	126	G minor
2019-02-14	O	Drum & Bass	Futuristik	Like U Say	3:09	174	F# major
2019-02-12	O	Breaks	CADMIUM | Eli Raain | Veronica Bravo	Click & Scroll	4:04	112	A♭ major
2019-02-08	O	Future Bass	Spektrum | Sara Skinner	Keep You	4:49	160	A♭ minor
2019-02-07	O	Electro	3rd Prototype	Shadows	3:35	128	B♭ minor
2019-02-05	O	Future Bass	Kaivon | Pauline Herr	First Love	3:44	150	A♭ major
2019-02-01	O	Pop	BEAUZ | JVNA	Crazy	3:08	102	A♭ major
2019-01-30	O	Drumstep	Omri	Dis\Honest	4:09	170	F minor
2019-01-25	O	Electro	NIVIRO	Get My Love	3:06	128	B major
2019-01-23	O	Future Bass	Valcos | Chris Linton	Without You	2:37	145	A major
2019-01-18	O	Future House	Robin Hustin	On Fire	3:22	128	C# minor
2019-01-16	O	Future Bass	Marin Hoxha | Annie Sollange	Falling For You	3:04	140	C major
2019-01-11	O	Trap	Ascence	Rules	3:02	100	F# minor
2019-01-11	O	Drumstep	Prismo	Stronger (Raiko Remix)	3:07	160	A minor
2019-01-09	O	Trap	Dread Pitt | C.	Reckless	3:24	143	G minor
2019-01-04	O	Traditional	Sub Urban	Cradles	3:29	148	F# major
2019-01-02	O	Hardstyle	NIVIRO	Diamond	3:52	150	E minor
2019-01-01	O	Compilation	Various Artists	NCS: Reloaded	47:59	-	-
2018-12-31	O	Trap	ÉWN	The Light	3:13	156	E major
2018-12-28	O	Trap	Axol | Max Hurrell	Shots Fired	2:51	150	A♭ major
2018-12-27	O	Hardstyle	Elektronomia	Heaven	3:51	153	F minor
2018-12-25	O	Future Bass	Lost Sky | Sara Skinner	Dreams pt. II	3:35	145	A♭ major
2018-12-21	O	Pop	Diamond Eyes	Hold On	3:57	160	A♭ major
2018-12-20	O	Future Bass	Jim Yosef | Valentina Franco	Chasing Dreams	3:27	159	F# major
2018-12-18	O	Trap	Egzod | evOke	Departure	3:04	164	C minor
2018-12-14	O	Trap	Unknown Brain | Lox Chatterbox | BLVKSTN | Salvo	Waiting	3:19	160	A♭ minor
2018-12-13	O	Drum & Bass	Feint | Heather Sommer	Shockwave	4:09	174	G minor
2018-12-11	O	Trap	WiDE AWAKE	Something More	3:06	150	D minor
2018-12-07	O	Future House	Distrion | Electro-Light	Drakkar	3:34	128	B minor
2018-12-06	O	Pop	JPB | Soundr	All Stops Now	2:26	110	C major
2018-12-04	O	Trap	Koven	Never Have I Felt This	4:06	96	F minor
2018-11-30	O	House	Tobu	Return To The Wild	3:18	125	F# major
2018-11-28	O	Drum & Bass	Andromedik	Titan	4:13	174	F major
2018-11-26	O	Future Bass	Slashtaq | Kalu	Neverland	2:38	78	E♭ minor
2018-11-23	O	Melodic Bass	Rival | Cadmium | Rosendale	Willow Tree	3:08	150	G# minor
2018-11-21	O	Future Bass	Mike Vallas | Jagsy | quaggin.	Left My Heart In Pain	2:37	145	A minor
2018-11-19	O	Melodic Dubstep	Spencer Maro	Starfire	3:57	140	G minor
2018-11-16	O	Drum & Bass	Lemon Fight | Jessica Reynoso	Stronger (Champion Remix)	4:19	174	G major
2018-11-16	O	House	Weero | Mitte	Our Dive	2:57	125	F# major
2018-11-14	O	Synthwave	Asketa & Natan Chaim | Kyle Reynolds	Alone	3:52	107	B minor
2018-11-09	O	Future House	Raven & Kreyn	Muffin	2:41	126	A minor
2018-11-07	O	Melodic Dubstep	Andromedik	With Me	3:05	130	E♭ major
2018-11-05	O	Bass House	ELPORT | VYMVN	Power	2:35	128	E minor
2018-11-02	O	Future House	NIVIRO	Dancin'	3:07	128	E minor
2018-10-31	O	Future Bass	Subtact | Sara Skinner	Want You	3:16	93	F major
2018-10-26	O	Trap	Julius Dreisig | Zeus X Crona	Invisible	3:21	83	D major
2018-10-25	O	Dubstep	Barren Gates | M.I.M.E	Enslaved	4:03	150	F minor
2018-10-23	O	Drum & Bass	Focus Fire	Mirage	3:24	174	F major
2018-10-19	O	Trap	Unknown Brain | Rival | Jex	Control	2:47	100	F minor
2018-10-17	O	Future Bass	Diamond Eyes	Flutter	4:00	160	F# minor
2018-10-13	O	House	3rd Prototype	I Know	3:53	128	F# major
2018-10-12	O	Drum & Bass	Rob Gasser | Laura Brehm	Vertigo (Spitfya Remix)	2:23	174	B♭ major
2018-10-10	O	Melodic Dubstep	Last Heroes | TwoWorldsApart | AERYN	Eclipse	4:37	139	F# major
2018-10-05	O	Future House	Debris | RudeLies | Jex	Animal	3:25	126	G minor
2018-10-04	O	EP	WATEVA	We Killed It, It's Murda	6:37	-	-
2018-10-04	O	Bass House	WATEVA	Ping Pong Party	3:16	125	F# major
2018-10-02	O	Drum & Bass	Deflo | Lliam Taylor	Reflections	3:37	174	F minor
2018-09-30	O	Midtempo	Wubbaduck	Rush	2:21	105	D minor
2018-09-28	O	Future Bass	Acejax | Danilyon	By My Side	2:58	176	G minor
2018-09-26	O	Dubstep	Mendum | Omri	Beyond	3:46	145	A♭ major
2018-09-21	O	Future House	RMCM | James Roche | Micah Martin	Diamonds	3:07	128	C# minor
2018-09-19	O	Traditional	CADMIUM | Grant Dawson	Be With You	3:13	166	F# minor
2018-09-14	O	Future House	NIVIRO | PollyAnna	Fast Lane	3:07	128	F major
2018-09-12	O	Pop	Paul Flint | Phil Lees | LW	Girlfriend	3:58	101	G minor
2018-09-07	O	Melodic Dubstep	floatinurboat | ELIØTT	Limbo	3:15	140	B major
2018-09-05	O	Future House	3rd Prototype	Feel So Good	2:49	130	B♭ minor
2018-08-31	O	Future Bass	RetroVision	Hope	2:59	150	E♭ major
2018-08-31	O	Hardstyle	Rival | CADMIUM | Harley Bird	Seasons (NIVIRO Remix)	4:09	150	F# major
2018-08-29	O	Future Bass	Heuse | Chris Linton	Reactive	2:32	130	F major
2018-08-24	O	Future House	Alex Skrindo | Miza	Thinkin'	2:47	126	B♭ minor
2018-08-22	O	Drumstep	Sekai	Running	3:19	160	A major
2018-08-17	O	Future House	NIVIRO	I Just Wanna	3:07	128	E maj > F# maj
2018-08-15	O	Future Bass	Kozah	Heavens	3:20	133	C major
2018-08-10	O	Future House	Robin Hustin | TobiMorrow | Jex	Light It Up	3:35	128	G minor
2018-08-08	O	Drum & Bass	Kasger	Cover It Up	3:04	174	F# major
2018-08-03	O	Future Bass	Electro-Light	Symbolism pt. II	4:08	170	E major
2018-08-01	O	Drum & Bass	Showdown | IMAN	Freedom	4:08	174	B♭ minor
2018-07-27	O	Future Bass	Lost Sky	Dreams	3:35	145	A♭ major
2018-07-25	O	Future House	Dirty Palm | LexBlaze	Freakshow	2:54	128	G minor
2018-07-20	O	Future Bass	Jim Yosef | Alex Skrindo	Ruby	3:13	172	E♭ major
2018-07-19	O	Drumstep	Nurko | Last Heroes | Jessie Chambers	Promise Me	3:49	160	E♭ minor
2018-07-17	O	Future House	Diviners | Harley Bird	Falling	3:20	126	D major
2018-07-13	O	Future House	NIVIRO	So Funky	3:00	126	A minor
2018-07-11	O	Future Bass	Unknown Brain | Heather Sommer	Perfect 10	3:24	179	D major
2018-07-06	O	Future House	Raven & Kreyn	Biscuit	3:35	128	B major
2018-07-04	O	Melodic Bass	Marin Hoxha | Chris Linton	With You	3:29	140	A♭ major
2018-06-29	O	Bass House	WATEVA	Ber Zer Ker	3:21	130	F# minor
2018-06-29	O	Future Bass	Rogers & Dean	No Doubt (Rival & CADMIUM Remix)	3:25	160	G minor
2018-06-27	O	Synthwave	Kozah	Travel Again	4:08	95	C# minor
2018-06-22	O	Funk	RetroVision	Cake	2:44	115	F major
2018-06-20	O	Bass House	Michael White | MYLK	Venus	3:06	128	G# minor
2018-06-15	O	Traditional	Philly K.	Savannah (Acoustic)	3:15	95	D♭ major
2018-06-15	O	House	Elektronomia	Summersong 2018	3:46	100	F major
2018-06-13	O	Future Bass	Glude	Dreamers	2:47	184	F# major
2018-06-08	O	Electro	NIVIRO	The Apocalypse	3:15	128	E minor
2018-06-06	O	Chillout	CADMIUM | Eli Raain	Ghost	3:51	135	G major
2018-06-01	O	Melodic Bass	2SCOOPS	Donuts	3:12	150	B♭ major
2018-05-30	O	Dubstep	Egzod | Tanjent	Universe	3:26	145	G major
2018-05-25	O	Trap	Mountkid	Dino	3:08	93	G minor
2018-05-23	O	Future Bass	T-Mass	Ignoring My Heart	3:04	150	A minor
2018-05-18	O	Melodic Dubstep	Last Heroes	Dimensions	3:51	140	C# minor
2018-05-18	O	Melodic Dubstep	The Lifted | Man 3 Faces	Crash N Burn	3:10	150	D♭ major
2018-05-16	O	Pop	Deflo | Lliam Taylor | AWA	Spotlight	2:35	100	E major
2018-05-11	O	Future Bass	Kozah	Haha	3:18	150	E minor
2018-05-09	O	Future House	Clarx	Zig Zag	3:27	128	E minor
2018-05-04	O	Future Bass	Ship Wrek | The Highrollers	Waiting	2:50	105	A major
2018-05-03	O	Compilation	Various Artists	NCS: Alpha	42:46	-	-
2018-05-02	O	Electro	NIVIRO	Memes	2:56	128	G major
2018-05-01	O	Dubstep	Sinner's Heist | Harley Bird	Streetlight People	3:33	155	G minor
2018-04-27	O	Dubstep	Chime	Phototropic	4:04	150	E♭ major
2018-04-26	O	Drum & Bass	Rival | CADMIUM | Harley Bird	Seasons (Futuristik & whogaux Remix)	3:13	174	G major
2018-04-24	O	Future House	Domastic	Forever	3:05	128	A♭ minor
2018-04-20	O	Future Bass	Unknown Brain | Bri Tolani	Why Do I?	3:43	87	D major
2018-04-19	O	Dubstep	Au5 | Danyka Nadeau	Closer	4:12	150	A major
2018-04-17	O	Melodic Dubstep	floatinurboat | Chris Linton	Holding On	4:29	140	F# minor
2018-04-13	O	Trap	Mountkid	No Lullaby	3:20	180	B♭ minor
2018-04-12	O	Trap	Fareoh	Under Water	2:45	145	E minor
2018-04-10	O	Melodic Bass	Diamond Eyes	Everything	4:27	140	B♭ major
2018-04-06	O	Future House	Raven & Kreyn	Bubble	2:54	128	A minor
2018-04-04	O	Melodic Bass	Rival | CADMIUM | Harley Bird	Seasons	4:08	81	F# major
2018-03-30	O	Future House	Kovan | Mark Borino	Thrill is Gone	3:33	126	D minor
2018-03-30	O	Melodic Bass	Egzod | Leo The Kind	Paper Crowns (Nurko Remix)	3:18	150	G minor
2018-03-28	O	Drum & Bass	Rameses B	Story	3:52	174	E♭ major
2018-03-23	O	Future Bass	Ship Wrek | Essy	Fool's Gold	3:24	150	A minor
2018-03-21	O	Future Bass	Emdi | Coorby | Kristi-Leah	Lonewolf	2:54	160	F# minor
2018-03-16	O	Future Bass	Lemon Fight | Jessica Reynoso	Stronger	3:13	150	D minor
2018-03-14	O	Future Bass	Raven & Kreyn | Moji | Illusion	Dream Forever	3:12	148	A♭ minor
2018-03-10	O	House	Weero	Mates	3:00	124	F# minor
2018-03-07	O	House	Defqwop	Awakening	3:38	100	B♭ major
2018-03-02	O	Drum & Bass	Andromedik	Let Me In	3:48	174	E♭ major
2018-02-28	O	Synthwave	Inukshuk	Too Far Gone	3:20	178	E♭ major
2018-02-24	O	Future House	Culture Code | Harley Bird	Feel Again	3:53	125	C minor
2018-02-21	O	Future House	Clarx	H.A.Y	3:44	113	F minor
2018-02-16	O	Pop	HYLO | Akacia	Paradise	3:32	100	E♭ major
2018-02-14	O	Bass House	CØDE	Get The Party	2:40	122	E♭ major
2018-02-09	O	Future Bass	Egzod | Anna Yvette	My City	2:46	95	A minor
2018-02-07	O	Melodic Bass	Killabyte | Danyka Nadeau	Wicked Ways	4:14	145	E♭ minor
2018-02-03	O	House	Jim Yosef	Imagine	3:00	128	G major
2018-01-31	O	Melodic Bass	JPB | Valentina Franco	Get Over You	3:29	139	B major
2018-01-27	O	Electro	Kisma	Fingertips	3:37	126	F major
2018-01-24	O	Future House	3rd Prototype	Dancefloor	2:55	126 > 110	F# minor
2018-01-20	O	House	Abandoned | Project Nightfall	Night Caller	4:13	128	G minor
2018-01-17	O	Future House	Krakn	Aurora	3:22	126	G major
2018-01-13	O	House	NIVIRO	Flares	3:25	100	D♭ major
2018-01-12	O	Trap	Disfigure	Blank (HYLO Remix)	3:12	150	B minor
2018-01-10	O	Melodic Bass	Far Out | Alina Renae	Chains	3:14	142	B minor
2018-01-06	O	Trap	Egzod | Leo The Kind	Mirage	3:27	150	B♭ major
2018-01-03	O	Bass House	Michael White	Got You	4:00	130	F minor
2017-12-15	O	Compilation	Various Artists	NCS: The Best of 2017	56:11	-	-
2017-12-15	O	Electro	RetroVision	Puzzle VIP	2:53	128	E♭ major
2017-12-15	O	Pop	Jordan Schor | Harley Bird	Home	3:36	104	C minor
2017-12-15	O	Future Bass	Unknown Brain | Spce CadeX | Max Landry	Holding You	2:43	150	G minor
2017-12-15	O	Hardstyle	ElementD | Chordinatez | Mees van den Berg	Radiate	3:31	150	B minor
2017-12-15	O	Trap	Lost Sky | Chris Linton	Fearless pt. II	3:14	110	F# major
2017-12-15	O	Bass House	Debris | Dazers	Double D	2:56	128	E♭ minor
2017-12-15	O	Melodic Bass	Beatcore | Ashley Apollodor	Just Stay	3:42	140	D major
2017-12-15	O	Pop	Aero Chord | Anuka | DDARK	Incomplete VIP	4:21	104	B major
2017-12-15	O	House	Jim Yosef | Anna Yvette	Linked	3:43	100	F# major
2017-12-15	O	Melodic Bass	Halcyon | Valentina Franco	Runaway (Culture Code Remix)	3:28	150	G major
2017-12-13	O	Melodic Bass	Halcyon | Gian	December	3:43	135	F# major
2017-12-09	O	Melodic Bass	Prismo	Stronger	3:32	140	A minor
2017-12-08	O	Bass House	Axollo	Burn It	3:14	130	E major
2017-12-06	R	Drumstep	Andromedik	Firefly	4:35	174	E♭ minor
2017-12-02	O	Future Bass	CØDE	Duck Face	2:48	140	G♭ major
2017-11-29	O	Drum & Bass	Mekanism	Green Lights	3:28	174	C# minor
2017-11-25	O	Electro	NIVIRO	The Guardian Of Angels	3:35	128	E minor
2017-11-24	O	Future Bass	Halcyon | Valentina Franco	Runaway (TARI Remix)	2:50	160	G major
2017-11-22	O	Dubstep	Au5 | Last Heroes | Holly Drummond	Lush	4:00	140	D♭ major
2017-11-18	O	Future House	Uplink | Alex Skrindo | Axol	Me & You	3:18	128	A major
2017-11-15	O	Future Bass	Jo. Cohen | Sex Whales | Lusil	Run Away	2:55	160	B major
2017-11-11	O	Melodic Bass	Inukshuk	The Long Road Home	4:09	152	C major
2017-11-10	O	Future Bass	Aero Chord | Anuka	Incomplete (T-Mass Remix)	4:17	108	B♭ major
2017-11-08	O	Future House	Dirty Palm | Micah Martin	Oblivion	3:50	128	F# minor
2017-11-04	O	House	Elektronomia	Vitality	4:12	130	A♭ minor
2017-11-02	O	Dubstep	Zookeepers | Heuse	Mercury	2:20	140	A minor
2017-10-28	O	Bass House	Our Psych	Purge	2:41	128	F minor
2017-10-26	O	Future Bass	Lost Sky	Lost	2:37	150	A major
2017-10-24	O	Drum & Bass	Rob Gasser	Happy	2:46	174	A major
2017-10-21	O	House	Kisma	We Are	3:37	128	E major
2017-10-19	O	Drum & Bass	Aero Chord | Anuka	Incomplete (Muzzy Remix)	4:35	175	B major
2017-10-17	O	Trap	Unknown Brain | Anna Yvette	Twisted Reality	3:06	170	F# minor
2017-10-14	O	Bass House	Michael White | Deflo	About To Go Down	3:22	126	G minor
2017-10-11	O	Drumstep	Paul Flint | Chris Linton	Watch The World Burn	3:55	160	F# minor
2017-10-07	O	Breaks	CØDE | Joseph Feinstein	We're Invincible	3:24	128	E major
2017-10-04	O	Future House	Raven & Kreyn	Call Me Again	2:40	126	C major
2017-10-01	O	Future House	LFZ	Echoes (Meikal Remix)	3:45	128	C major
2017-09-30	O	Electro	NIVIRO	The Return	3:24	128	E major
2017-09-15	O	Compilation	Various Artists	NCS: Colors	53:41	-	-
2017-09-15	O	Future House	RetroVision	Campfire	3:27	126	E♭ major
2017-09-15	O	Dubstep	Anikdote | Absent Faith | Oriental Cravings	Heaven's Gate	4:02	140	F minor
2017-09-15	O	House	Cartoon | Koit Toome	Your Stories	3:11	127	F# major
2017-09-15	O	Synthwave	Defqwop | The Ruins	Say The Word	3:05	95	C major
2017-09-15	O	Drumstep	Unknown Brain | Attxla	Roots	3:02	168	G major
2017-09-15	O	Future House	Kovan | Alex Skrindo | Izzy	Into The Wild	3:14	128	E major
2017-09-09	O	Bass House	3rd Prototype | Emdi	House	3:20	128	F# minor
2017-09-09	O	Trap	Lost Sky	Fearless	3:14	110	F# major
2017-09-13	O	Drum & Bass	TARI | Yix	Bliss	2:38	176	D minor
2017-09-06	R	Melodic Bass	Zain Conor | Drivvin | Michael Zhonga	What I Never Had	3:12	150	E♭ major
2017-09-02	O	Melodic Bass	Halcyon | Valentina Franco	Runaway	3:16	150	G major
2017-08-30	O	Future House	Debris | Our Psych	Omerta	3:39	128	B minor
2017-08-26	O	Future House	LFZ	Popsicle	4:25	128	G minor
2017-07-06	O	EP	Phantom Sage	Connected	24:09	-	-
2017-07-06	O	Ambient	Phantom Sage	Far From Home	8:09	80	C major
2017-07-06	O	Synthwave	Phantom Sage	When I'm Gone	4:46	160	A major
2017-07-06	O	Funk	Phantom Sage | Miss Lina	Kingdom	5:03	120	E major
2017-07-06	O	Drumstep	Phantom Sage | Emily Stiles	Our Lives Past	4:55	170	B major
2017-07-06	O	Ambient	Phantom Sage	Pendulum	1:40	123	C major
2017-08-19	O	Melodic Bass	Lennart Schroot | Unknown Brain | Sru	Kuyenda	2:59	155	B minor
2017-08-16	O	Bass House	Michael White	Angel's Anthem	3:15	128	B♭ minor
2017-08-12	O	House	Axol	Mars	3:58	128	B♭ major
2017-08-09	O	Future House	Krakn	Light	2:41	128	E major
2017-08-05	O	Electro	NIVIRO	The Floor Is Lava	3:16	128	D major
2017-08-01	O	Future Bass	Egzod | Chris Linton	Wake Up	3:02	142	D♭ major
2017-07-28	O	Future House	Raven & Kreyn	So Happy	2:40	126	B♭ minor
2017-07-21	O	Trap	Unknown Brain | Aviella	Inspiration	3:02	150	A♭ major
2017-07-19	O	Electro	Jensation	Delicious	2:49	128	C minor
2017-07-14	O	Melodic Dubstep	Jim Yosef | Anna Yvette	Courage	3:44	148	G minor
2017-07-12	O	Drumstep	Rogers & Dean	No Doubt	3:08	160	G minor
2017-07-08	O	House	Waysons	Running	3:08	128	A major
2017-07-04	O	Future House	NIVIRO	You	3:50	125	F minor
2017-07-01	O	House	Elektronomia	The Other Side	4:11	128	C minor
2017-06-29	O	Melodic Bass	BVRNOUT | Mia Vaile	Take It Easy	3:18	150	A minor
2017-06-27	O	Breaks	Disco's Over	TSU	2:46	128	E minor
2017-06-23	O	Melodic Bass	Prismo	Hold On	3:23	128	G major
2017-06-22	O	Future Bass	WATEVA | Johnning	See U	3:08	150	D♭ major
2017-06-21	O	Drum & Bass	bvd kult	VIP	3:59	174	D major
2017-06-20	O	Future Bass	T-Mass	Bow And Arrow	2:47	148	G minor
2017-06-15	O	Bass House	Raven & Kreyn	Get This Party	2:39	126	A minor
2017-06-13	O	Future Bass	Lostboy | Slashtaq	Elysium	2:51	160	E major
2017-06-10	O	Hardstyle	ElementD | Mees van den Berg	Giving In	3:48	150	E♭ major
2017-06-08	O	Drumstep	T & Sugah | MVE	Sleepless	4:30	174	G# minor
2017-06-03	O	House	Distrion | Alex Skrindo	Lightning	3:34	128	D♭ major
2017-05-30	O	Trap	T-Mass | Jaxxtone	Gave To Me	3:32	150	D major
2017-05-30	O	Electro	Kontinuum | Savoi	Lost (Sunroof Remix)	3:02	128	E minor
2017-05-27	O	Future House	Kovan | Electro-Light	Skyline	3:50	128	B♭ major
2017-05-25	O	Future Bass	Aero Chord | Anuka	Incomplete	4:18	108	A♭ minor
2017-05-23	O	Future Bass	Jordan Schor | Nathan Brumley	Cosmic	4:08	164	B♭ minor
2017-05-20	O	House	Jim Yosef	Link	3:44	100	F# major
2017-05-18	O	Trap	Unknown Brain | Marvin Divine	MATAFAKA	3:18	95	B major
2017-05-16	O	Trance	Rameses B	There For You	5:10	128	A major
2017-05-12	O	Future House	RetroVision | Domastic	SICC	3:30	128	B major
2017-05-11	O	Future Bass	Anikdote | Culture Code | Brado Sanz	Don't Let It Go	3:05	162	B minor
2017-05-09	O	Funk	Icehunt | Helen Tess	Hover	4:06	117	D major
2017-05-06	O	House	Culture Code | KARRA	Make Me Move (Tobu Remix)	3:01	100	B major
2017-05-04	O	Funk	Oneeva	Platform 9	4:12	126	C minor
2017-05-02	O	Synthwave	Malik Bash	Ghosts	3:52	90	G minor
2017-04-29	O	Glitch Hop	Chime | Adam Tell	Whole (Rob Gasser Remix)	3:07	110	A♭ major
2017-04-27	O	Bass House	Michael White	All Eyes On Me	2:52	128	B major
2017-04-25	O	Future Bass	Brandon Jonak | Pep.B | Ezra James	Where Do I Go?	3:42	150	A♭ major
2017-04-22	O	House	Elektronomia | JJD	Free	4:01	128	D minor
2017-04-21	O	Electro	Four Eyes	Psycho	3:28	124	B minor
2017-04-21	O	Trap	Axol | The Tech Thieves	Bleed	4:11	145	F# minor
2017-04-15	O	Trap	Ship Wrek | Zookeepers | Trauzers	Vessel	3:26	150	B♭ minor
2017-04-13	O	Future Bass	RIVERO | Anna Yvette	Heaven	3:11	134	D minor
2017-04-11	O	Melodic Dubstep	Sekai	Somebody	4:05	145	G minor
2017-04-08	O	Future Bass	Egzod | Leo The Kind	Paper Crowns	2:45	146	G# minor
2017-04-06	O	Bass House	Raven & Kreyn	In The Air	2:37	128	G minor
2017-04-04	O	Future Bass	3rd Prototype	Together	3:10	150	A♭ major
2017-04-01	O	Drum & Bass	Axtasia | Soundr	Light Up The Sky	3:57	174	D major
2017-03-30	O	Pop	Venemy | Danica	Need You Now	3:06	95	F# minor
2017-03-28	O	Trap	Giraffe Squad	Wait For Me	3:25	140	G minor
2017-03-25	O	Electro	NIVIRO	The Ghost	3:24	128	E major
2017-03-23	O	Future Bass	John Kenza	Wicked	3:17	150	D major
2017-03-23	O	Melodic Bass	Unknown Brain | Chris Linton	Perseus	3:17	100	A♭ minor
2017-03-18	O	House	RetroVision | Micah Martin	Over Again	2:42	128	F# minor
2017-03-16	O	Dubstep	Silverback	Prayer	3:55	152	Unknown
2017-03-16	O	Glitch Hop	Kontinuum | Savoi	Lost (JJD Remix)	4:21	110	G♭ major
2017-03-14	O	Future House	Uplink | Castion	Euphoria	4:04	128	C# major
2017-03-11	O	Glitch Hop	Rob Gasser	Ricochet	3:41	105	F# minor
2017-03-09	O	Trap	Holly | Drivvin	Till The End	3:50	150	D major
2017-03-08	O	Future Bass	Leowi | joegarratt	Hollywood	3:29	95	B♭ minor
2017-03-05	O	House	Elektronomia	Limitless	4:05	128	C minor
2017-03-03	O	Future Bass	Culture Code | KARRA	Make Me Move (James Roche Remix)	3:46	100	B major
2017-02-21	O	House	Vanze | Reunify | Parker Polhill | Bibiane Z	Angel	4:27	115	C minor
2017-02-24	O	Future Bass	Prismo	Weakness	3:17	100	F minor
2017-02-22	R	Pop	JPB	Up & Away	3:09	90	A minor
2017-02-21	O	Future House	Uplink	Crying Over You	3:16	124	D major
2017-02-18	O	Future House	LFZ	Echoes	4:34	100	C# minor
2017-02-15	O	Future House	Domastic	Weird Dream	3:33	128	C# minor
2017-02-15	O	Future Bass	Valence	Infinite	3:23	94	G minor
2017-02-14	O	Trap	Paul Flint	Sock It To Them	3:07	160	G minor
2017-02-10	O	Funk	Phantom Sage	Hollow	3:47	110	B major
2017-02-09	O	Future House	Blazars	Northern Lights	3:16	126	A♭ minor
2017-02-06	O	Future Bass	T-Mass | Enthic	Can You Feel It	3:31	150	F# minor
2017-02-03	O	Hardcore	Rob Gasser	Supersonic	3:47	170	G♭ major
2017-02-02	O	Glitch Hop	Geoxor	Higher	3:32	110	G minor
2017-01-30	O	Drum & Bass	it's different | Miss Mary	Outlaw	4:21	175	F major
2017-01-29	O	Glitch Hop	JJD	Future	4:34	109	G major
2017-01-28	O	Electro	Lensko	Rebirth	4:26	128	E♭ maj > A maj
2017-01-25	O	Pop	bvd kult | Will Heggadon	Made Of Something	3:34	105	B major
2017-01-24	O	Dubstep	Dread Pitt	Pyro	3:35	145	B minor
2017-01-21	O	Bass House	Y&V	Falling Up	3:19	132	F minor
2017-01-18	O	Future Bass	Heuse | Chris Linton | Emma Sameth	Stones	2:55	155	E♭ major
2017-01-17	O	Hardstyle	NIVIRO	Sapphire	3:33	150	C# major
2017-01-15	O	Electro	Jensation	Joystick	2:49	126	B♭ minor
2017-01-14	O	Drum & Bass	Unknown Brain | Chris Linton	Saviour	2:40	174	A♭ minor
2017-01-11	O	Future House	3rd Prototype	Get In	3:53	126	B minor
2017-01-10	O	House	Voicians	Seconds	3:33	128	B♭ major
2017-01-07	O	Drumstep	Anna Yvette | AFK	Clouds	4:43	176	B minor
2017-01-05	O	Future Bass	it's different | Miss Mary	Shadows	3:13	170	A♭ minor
2017-01-03	O	House	Jim Yosef	Speed	3:23	124	F major
2016-12-28	O	House	Elektronomia	Sky High	3:59	128	C minor
2016-12-16	O	Compilation	Various Artists	NCS: The Best of 2016	58:44	-	-
2016-12-16	O	Drum & Bass	Cartoon | Mikk Mäe	C U Again (Cartoon & Futuristik VIP)	3:22	175	E minor
2016-12-16	O	Melodic Dubstep	floatinurboat	Spirit Of Things	4:13	150	E♭ minor
2016-12-16	O	Synthwave	Glude	Identity	3:21	100	G minor
2016-12-16	O	Future House	Different Heaven	Safe And Sound	3:24	128	D major
2016-12-15	O	Trap	Warriyo | Laura Brehm	Mortals	3:49	90	D minor
2016-12-14	O	Melodic Dubstep	Zaza	Be Together	3:33	128	G minor
2016-12-13	O	Future Bass	Culture Code | KARRA	Make Me Move	3:16	95	G# minor
2016-12-10	O	Electro	Y&V	Back In Time	4:40	130	C# minor
2016-12-08	O	Drum & Bass	Axollo	Moonstruck	2:54	185	E♭ major
2016-12-06	O	House	Kadenza	Harpuia	3:26	128	G major
2016-12-05	O	Future House	Omar Varela | Xavi & Gi | Miss Lina	Stronger	3:23	120	D major
2016-12-05	O	Future House	Vanze | Neon Dreams	Survive	4:32	118	E♭ major
2016-12-01	O	Drum & Bass	Kasger	Reflections	4:19	174	A minor
2016-11-29	O	Future Bass	Heuse | Zeus X Crona | Emma Sameth	Pill	2:16	146	C minor
2016-11-26	O	Trap	Unknown Brain | Chris Linton	Superhero	3:01	150	A♭ minor
2016-11-22	O	Future Bass	Jo. Cohen | BQ	Glowing At Night	3:02	140	F major
2016-11-20	O	Glitch Hop	Different Heaven	Nekozilla (LFZ Remix)	3:18	110	F# minor
2016-11-17	O	Drumstep	Geoxor	You & I	3:09	174	B minor
2016-11-15	O	Future House	IZECOLD | Molly Ann	Close (Brooks Remix)	3:51	128	B♭ minor
2016-11-12	O	Hardstyle	ElementD | Micah Martin	Fallin'	3:08	150	B♭ min > C# min
2016-11-10	O	Future Bass	Disfigure | Tara Louise	Losing Sleep	2:53	160	E minor
2016-11-09	O	House	Vexento	Masked Raver	4:42	128	E major
2016-11-08	O	Dubstep	Light Years Away	Melrose At Midnight	4:10	150	F minor
2016-11-06	O	House	Axol | Alex Skrindo	You	3:15	128	B♭ minor
2016-11-05	O	Melodic Dubstep	Halcyon | STARLYTE | Charlotte Haining	Escape With Me	3:36	128	F major
2016-11-04	O	Trap	Anikdote	Imma Killa	3:36	150	D minor
2016-11-02	O	Future House	Ellis | Anna Yvette	Migraine	3:45	126	F minor
2016-11-01	O	Future Bass	Axol	ILY	3:18	135	A♭ major
2016-10-29	O	Future Bass	Jim Yosef	Canary	3:19	160	B major
2016-10-26	O	Future House	Uplink | AWR	Still Need You	3:04	126	B major
2016-10-24	O	Future Bass	Valcos	A New Light	2:46	145	E minor
2016-10-22	O	Drum & Bass	Electro-Light | Jordan Kelvin James | Anna Yvette	Wait For You	3:59	174	D♭ major
2016-10-20	O	Dubstep	Chime | Adam Tell	Whole	3:34	140	C minor
2016-10-18	O	Future House	Blazars	Polaris	3:57	126	F minor
2016-10-15	O	Future House	RetroVision	Heroes	3:31	126	F minor
2016-10-13	O	Trap	ÉWN	Feels	3:09	155	B♭ minor
2016-10-07	O	Future Bass	Ship Wrek | Mia Vaile	Pain	3:30	90	C major
2016-10-04	O	House	Jensation	Donuts	2:24	124	D major
2016-10-01	O	Future Bass	Levianth | Axol | The Tech Thieves	Remember	3:13	140	C# minor
2016-09-24	O	Drum & Bass	Catas | Kasger	Blueshift	4:42	174	D major
2016-09-22	O	Dubstep	SKYL1NK	The Wizard	3:09	112	D minor
2016-09-17	O	House	Elektronomia	Energy	3:19	128	B minor
2016-09-13	O	Melodic Dubstep	Phantom Sage | Byndy	Away	4:44	140	A♭ major
2016-09-10	O	Glitch Hop	JJD	Adventure	4:58	110	G# minor
2016-09-06	O	Trap	ÉWN | whogaux	Start That Fire	3:05	98	G# minor
2016-09-03	O	Drum & Bass	Rameses B | Soundr	Beside You	4:59	174	E♭ major
2016-09-01	O	Trance	Ephixa | Jim Yosef	Everlasting	3:59	150	A minor
2016-08-30	O	Drumstep	Rob Gasser | Laura Brehm	Vertigo	3:42	174	G minor
2016-08-27	O	Drum & Bass	Phantom Sage	The Light	4:32	174	E major
2016-08-25	O	Dubstep	Paul Flint	Savage	3:31	150	G minor
2016-08-20	O	Drum & Bass	Different Heaven | Sian Area	Feel Like Horrible	3:39	172	C minor
2016-07-28	O	Compilation	Various Artists	NCS is Love, NCS is Life, Vol. 1	1:02:06	-	-
2016-07-28	O	Melodic Bass	Uplink | NK	To Myself	3:20	150	F minor
2016-07-28	O	House	Jim Yosef | Anna Yvette	Can't Wait	3:28	128	G# minor
2016-07-28	O	Drumstep	Desmeon | Steklo	Undone	4:04	174	F# minor
2016-07-28	O	Dubstep	Mendum | Omri	Red Hands	4:25	105	E minor
2016-07-28	O	Drum & Bass	Futuristik | Sethh	Little Bit	4:51	174	B major
2016-07-28	O	Drum & Bass	NCT | T & Sugah | Voicians	Along The Road	4:24	174	F minor
2016-07-27	O	Funk	Konac	Home	3:11	117	E major
2016-07-27	O	House	Tobu	Roots	3:11	128	B♭ minor
2016-07-17	O	Trap	Fransis Derelle | Parker Polhill	Fly	3:23	145	E major
2016-07-09	O	House	Alex Skrindo | Axol	Get Up Again	3:47	128	F major
2016-07-02	O	Hardcore	Electro-Light	Throwback	3:34	150	A major
2016-06-25	O	Future House	RetroVision	Puzzle	2:46	128	E♭ major
2016-06-18	O	House	Phantom Sage | Byndy	Silence	4:40	128	C major
2016-05-14	O	Dubstep	Cartoon | Jüri Pootsmann	I Remember U (Xilent Remix)	3:41	150	B♭ minor
2016-06-07	O	Synthwave	Inukshuk	We Were Infinite	3:30	105	D major
2016-06-05	O	Drum & Bass	Kasger	Out Here	4:27	174	A minor
2016-05-27	O	Future Bass	JPB | MYRNE | Yung Fusion	Feels Right	3:19	90	C major
2016-05-25	O	House	Unison	Translucent	3:51	128	B♭ minor
2016-05-21	R	Glitch Hop	Defqwop | Strix	Heart Afire	4:00	100	C minor
2016-05-14	O	Future Bass	Killercats	Kaibu	3:19	90	B major
2016-05-12	O	Trap	Anikdote	Turn It Up	4:08	158	C minor
2016-05-10	O	Future Bass	Fareoh	Cloud Ten	4:18	150	B♭ major
2016-04-30	O	Drumstep	K-391	Earth	3:53	169	B♭ major
2016-04-25	O	Future House	IZECOLD | Molly Ann	Close	3:08	128	D♭ major
2016-04-21	O	Future Bass	Jo. Cohen | Sex Whales	We Are	3:56	150	D minor
2016-04-14	O	Glitch Hop	Spitfya | Desembra	Cut The Check	4:25	105	D major
2016-04-12	O	Future Bass	Killercats | Alex Skrindo	Tell Me	3:02	133	G major
2016-04-09	O	House	JJD	Halcyon	4:53	133	E minor
2016-04-02	O	Drumstep	Desmeon	Back From The Dead	3:43	174	G minor
2016-03-26	O	Synthwave	Glude	Breathe	3:23	95	E♭ minor
2016-03-23	O	Trap	Razihel	Love U	4:23	140	D major
2016-03-11	O	EP	Cartoon	I Remember U	12:01	-	-
2016-03-11	O	Drum & Bass	Cartoon | Jüri Pootsmann	I Remember U (Ownglow Remix)	4:06	174	F# major
2016-03-11	O	Drum & Bass	Cartoon | Jüri Pootsmann	I Remember U	3:35	174	B♭ minor
2016-03-05	O	Glitch Hop	Different Heaven	Far Away (Phantom Sage Remix)	3:50	110	A♭ major
2016-02-27	O	Future House	Syn Cole	Feel Good	3:01	124	C minor
2016-02-25	O	Dubstep	The Brig	Spoil	3:34	140	G major
2016-02-18	O	House	Distrion | Electro-Light | Ke'nekt	You And Me	3:07	128	F major
2016-02-13	O	Melodic Dubstep	Inukshuk	A World Away	3:28	150	E minor
2016-02-10	O	Drum & Bass	Cartoon | Kristel Aaslaid	Immortality (Futuristik Remix)	3:55	174	B♭ minor
2016-02-06	O	House	Jim Yosef | Ivan Jamile | Kédo Rebelle	Forces	4:42	128	G minor
2016-02-04	O	Trap	Ship Wrek | Zookeepers	Ark	2:59	150	G minor
2016-01-30	O	Synthwave	Phantom Sage	Crystal Clouds	4:24	90	A♭ major
2016-01-26	O	Trap	Anikdote | Sanna Hartfield	Life Is Over	3:57	130	A minor
2016-01-26	O	House	Waysons	Eternal Minds	5:28	128	A major
2016-01-19	O	Glitch Hop	Desembra	Hit 'Em	3:18	110	C# minor
2016-01-14	O	Melodic Dubstep	Foria	Break Away	4:37	137	A major
2016-01-06	O	House	Different Heaven	Far Away	3:09	128	A♭ major
2015-12-23	O	Compilation	Various Artists	NCS: The Best of 2015	1:10:53	-	-
2015-12-23	O	House	Jim Yosef	Eclipse	3:55	125	D# minor
2015-12-23	O	Drum & Bass	T & Sugah | Miyoki	Stardust (T & Sugah & NCT VIP)	5:04	174	C# major
2015-12-23	O	Trap	Disfigure | Tara Louise	Blank VIP	5:02	94	B minor
2015-12-23	O	Future Bass	Killlercats | Alex Skrindo	What I Said	3:54	135	B major
2015-12-23	O	Drum & Bass	Electro-Light | Aloma Steele	The Ways	4:39	170	A♭ minor
2015-12-20	O	Future House	K.Safo | Alex Skrindo | Stewart Wallace	Future Vibes (Uplink Remix)	4:41	128	F major
2015-12-15	O	Chillout	Y&V	Lune	6:52	95	F minor
2015-12-15	O	Future Bass	Cartoon | Kristel Aaslaid	Immortality	3:00	146	A♭ major
2015-12-04	O	Pop	Kontinuum | Savoi	Lost	3:57	113	D major
2015-11-28	O	House	Waysons	Daydream	4:49	128	A major
2015-11-25	O	House	Diviners | Philly K.	Savannah	3:23	108	A minor
2015-11-21	O	Glitch Hop	Halvorsen	Wouldn't Change It	2:47	110	B♭ major
2015-11-18	O	Melodic Dubstep	Sex Whales | Roee Yeger | Ashley Apollodor	Where Was I?	5:27	140	C# minor
2015-11-13	O	Trap	Anikdote	Which Direction?	3:22	150	F# minor
2015-11-07	O	House	Alex Skrindo	Jumbo	3:25	130	F# minor
2015-11-05	O	House	Malik Bash	Apollo	3:42	128	F minor
2015-10-31	O	Trap	JPB | Ashley Apollodor	Defeat The Night	4:13	170	E minor
2015-10-31	O	Drumstep	Desmeon	Hellcat	3:46	174	F minor
2015-10-27	O	Drumstep	Phantom Sage	MIKO	5:18	160	C major
2015-10-24	O	Electro	Unison	Aperture	3:22	128	D minor
2015-10-13	O	Rock	Fytch | Kosta | Theo Hoarau	Blinded	3:27	140	A minor
2015-10-10	O	House	Jim Yosef	Arrow	3:44	130	E minor
2015-10-08	O	Melodic Dubstep	Sex Whales | Phantom Sage	One Day	5:03	140	E major
2015-10-06	O	Melodic Bass	Killabyte	Our Story	4:38	145	F major
2015-10-03	O	Trap	Vanze | Balco | Fransis Derelle | Brenton Mattheus	All I Need	3:50	140	C minor
2015-09-26	O	Drum & Bass	High Maintenance | Charlotte Haining	Change Your Ways	4:06	175	D major
2015-09-10	O	Electro	Different Heaven	OMG	3:39	128	B minor
2015-08-15	O	Glitch Hop	Syntact	Shallow	4:01	100	C minor
2015-08-25	O	Pop	Inukshuk	Happy Accidents	4:26	90	B minor
2015-08-17	O	Trap	NAIMA	Let Me See You	2:43	140	B♭ minor
2015-07-31	O	Compilation	Various Artists	NCS: Infinity	48:58	-	-
2015-07-31	O	Future Bass	JPB | Joe Erickson	Levitate	3:17	138	E major
2015-07-31	O	Melodic Dubstep	Mendum	Elysium	4:54	139	E♭ minor
2015-07-31	O	House	Distrion | Alex Skrindo	Entropy	3:25	130	A major
2015-07-31	O	Electro	Different Heaven	Nekozilla	2:45	128	F# minor
2015-07-31	O	House	William Ekh | Alexa Lusader	Adventures	3:28	128	C major
2015-07-31	O	Dubstep	Vidya Vidya	Safari Fruits	3:46	142	C major
2015-07-28	O	House	Disco's Over | PRXZM	Lonely Island pt. II	4:41	132	E major
2015-07-23	O	Pop	Ash O'Connor	Vibe	2:49	100	C# major
2015-07-21	O	Pop	Itro | Kontinuum	Alive	4:08	104	E major
2015-07-19	O	House	Culture Code | Michael Zhonga	Electricity	3:10	126	G# minor
2015-07-16	O	Pop	Siren	Run Away	4:14	170	G minor
2015-07-14	O	Future Bass	Cormak	Flavors	3:03	160	E♭ major
2015-07-09	O	Pop	Cartoon | Daniel Levi	On & On	3:27	174	B major
2015-07-05	O	House	K.Safo | Alex Skrindo | Stewart Wallace	Future Vibes	3:52	128	D minor
2015-07-02	O	Pop	Kontinuum	First Rain	4:02	110	F minor
2015-06-30	O	Future House	Upsilone	Duxure	3:12	125	G minor
2015-06-28	O	House	Jim Yosef	Firefly	4:17	130	G# minor
2015-06-25	O	Electro	Joe Garston | Richard Caddock	Loud & Clear	3:48	128	C# major
2015-06-18	O	House	3rd Prototype | Lex Dave | Yohamna Sollange	Time	4:25	128	C# major
2015-06-19	O	Melodic Dubstep	Speo | Budobo	Make A Stand	4:12	140	F minor
2015-06-15	O	EP	Ash O'Connor	You / Steeper	8:31	-	-
2015-06-15	O	Future House	Ash O'Connor	You	4:21	124	B minor
2015-06-11	O	Drum & Bass	Cartoon | Coleman Trapp	Why We Lose	3:21	175	E minor
2015-06-13	O	House	Jim Yosef | Alex Skrindo	Passion	4:00	128	G major
2015-06-09	O	House	Janji | Johnning	Heroes Tonight	3:28	128	F minor
2015-06-04	O	House	Disco's Over | Lokka Vox	Reflections	4:04	130	D major
2015-06-02	O	Trap	HOVERBOOTS	One	3:45	140	C major
2015-05-28	O	Pop	Kontinuum	Aware	4:31	110	B minor
2015-05-23	O	House	Vanze | Brenton Mattheus	Forever	4:12	128	A minor
2015-04-30	O	Future Bass	Umpire	Collin's Ave.	3:36	100	F minor
2015-05-19	O	House	Alex Skrindo | Stahl	Moments	3:17	130	G major
2015-05-14	O	Glitch Hop	DEAF KEV	Invincible	4:39	100	A♭ major
2015-05-12	O	House	Itro | Kédo Rebelle	Skyward Bound	4:43	100	C# minor
2015-05-05	O	EP	Krys Talk	Fly Away (The Remixes)	16:32	-	-
2015-05-05	O	Future Bass	Krys Talk	Fly Away (Cole Sipe Remix)	4:10	140	A major
2015-05-05	O	Trap	Krys Talk	Fly Away (JPB Remix)	3:29	140	A major
2015-05-05	O	Trap	Krys Talk	Fly Away (Ray Volpe Remix)	4:26	140	A major
2015-05-05	O	Melodic Dubstep	Krys Talk	Fly Away (Mendum Remix)	4:27	140	F# minor
2015-05-02	O	House	Jim Yosef	Lights	3:45	128	A major
2015-04-28	O	Glitch Hop	Halvorsen	She Got Me Like	3:03	110	C# major
2015-04-25	R	House	Tobu	Sound Of Goodbye	3:08	128	C major
2015-04-20	O	Future Bass	Subtact	Away	3:55	160	C major
2015-04-16	O	Drumstep	Kasger | Wontolla | Limitless	Miles Away	3:44	174	B major
2015-04-14	O	House	RedMoon | Meron Ryan	Heavyweight	3:15	128	A♭ major
2015-04-09	R	Future Bass	KAEL	The New Generation	3:17	150	G major
2015-04-02	R	Electro	Alan Walker	Force	4:01	105	C# minor
2015-03-30	O	Dubstep	Venemy | Car	Rescue Me	5:23	128	G minor
2015-03-26	O	House	Diviners | Contacreast	Tropic Love	4:59	105	D major
2015-03-24	O	Melodic Dubstep	Umpire | Liz Kretschmer	Gravity	3:47	144	C# major
2015-03-19	R	House	Tobu	Good Times	3:18	126	C major
2015-03-12	O	Dubstep	Krys Talk	Fly Away	4:48	140	A major
2015-03-09	O	Hardstyle	Main Reaktor	Awakening	3:44	150	C# minor
2015-03-05	O	Electro	Lensko	Titsepoken 2015	3:26	128	C major
2015-03-02	O	House	K-391	Everybody	3:28	128	B♭ major
2015-02-26	O	Drumstep	Mendum	One Third	4:15	160	B♭ minor
2015-02-23	O	Drum & Bass	Kasger	Highland	3:10	174	A♭ major
2015-02-12	O	Electro	SirensCeol	Nostalgia	5:20	128	F minor
2015-02-09	R	House	Tobu	Candyland	3:20	128	C# minor
2015-02-05	O	Drumstep	Unison	Reality	3:07	172	E major
2015-01-31	O	Melodic Bass	JPB	High	3:12	150	F# minor
2015-01-27	O	House	Distrion | Electro-Light	Rubik	3:22	128	G# minor
2015-01-24	O	Electro	Lensko	Sarvagon 2015	4:35	128	C minor
2015-01-22	O	Drum & Bass	Itro | Valcos	Starbound	3:25	174	A major
2015-01-19	O	Electro	Matthew Blake | Tyler Fiore	Upside Down	5:29	128	B minor
2015-01-15	O	Future Bass	ZEST	You. & Me?	4:01	160	G major
2015-01-11	O	House	LarsM	Lovers	5:17	125	D major
2015-01-06	R	Electro	Alan Walker	Spectre	3:47	128	C# minor
2014-12-29	O	Melodic Dubstep	Disfigure	Hollah!	2:40	140	C minor
2014-12-27	O	Future Bass	T-Mass	Up In Flumes	3:32	170	A♭ major
2014-12-22	R	House	Tobu | Marcus Mouya	Running Away	3:07	128	A minor
2014-12-15	O	Dubstep	Different Heaven | ReesaLunn	Pentakill	3:16	150	F minor
2014-12-13	O	Electro	Lensko	Let's Go!	3:27	128	C# minor
2014-12-07	O	Compilation	Various Artists	NCS: Uplifting	56:45	-	-
2014-12-07	O	House	Electro-Light | Nathan Brumley	Night Shines	3:49	128	C# major
2014-12-07	O	House	RedMoon | Jonny Rose	Only Us	4:24	128	E major
2014-11-27	O	Future Bass	Electro-Light	Symbolism	4:51	170	C# minor
2014-11-25	O	Future House	Ash O'Connor | Curbi	Steeper	3:56	124	G♭ major
2014-11-19	R	Electro	Alan Walker	Fade	3:46	128	F# major
2014-11-16	R	House	Brandon Jonak | Dominik Dale	Rush	3:36	130	E minor
2014-11-09	O	House	Itro	Panda	3:46	128	F# major
2014-11-06	O	Melodic Dubstep	Mendum	Stay With Me (Krys Talk Remix)	4:08	145	B minor
2014-11-02	O	House	Dropouts | Aloma Steele	Unity	4:22	128	A♭ major
2014-10-30	O	Drumstep	Krale | Jasmina Lin | Jay Christopher	Frontier	4:08	111	B♭ major
2014-10-26	O	House	OLWIK | Tyler Fiore	Villain	3:35	128	B minor
2014-10-19	R	House	Tobu | Syndec	Dusk	5:56	128	D minor
2014-10-18	O	Hardstyle	Main Reaktor	Alone	4:17	150	A minor
2014-10-15	O	Breaks	Exert | Janethan	Losing You	3:53	152	D minor
2014-10-08	O	Drum & Bass	The Eden Project	Lost	4:43	160	A♭ major
2014-10-05	O	Future House	Curbi	Dime	3:41	126	A♭ major
2014-10-02	O	Drum & Bass	Arcien	Elevate	4:08	174	G major
2014-09-28	O	Hardstyle	Main Reaktor	Recession	3:44	150	C# minor
2014-09-25	O	Electro	Lensko	Circles	4:41	128	B minor
2014-09-21	R	House	Itro | Tobu	Cloud 9	4:35	128	E minor
2014-09-17	O	Drumstep	Mendum	Stay With Me	3:06	160	D major
2014-09-14	O	House	LarsM | Side-B | Aloma Steele	Over (Dropouts Remix)	5:01	128	F minor
2014-09-11	O	Dubstep	Music Predators	Adventure Time	3:47	140	G major
2014-09-10	O	Future Bass	Krys Talk | Cole Sipe	Way Back Home	3:47	150	G major
2014-08-31	O	Dubstep	Desmeon | Flint & Zadik | ElDiablo	On That Day	3:40	140	A minor
2014-08-29	O	Drumstep	Electro-Light | Nathan Brumley	Fall For Gravity	4:01	174	C major
2014-08-27	O	Dubstep	DM Galaxy | Aloma Steele	Bad Motives	3:01	140	A minor
2014-08-24	O	House	Johnny Third | Jeremy Fowler	Young Ones	4:26	128	C minor
2014-08-22	O	Hardcore	Vena Cava	Noire	5:00	170	B major
2014-08-20	R	House	Eduardo Baldera | Varilla | Jason Gaffner	Hold On To This Moment	5:43	128	B♭ major
2014-08-17	O	House	Housewell | Side-B | Karl VanBurkleo	Drifting Away	3:43	128	D major
2014-08-14	O	Drumstep	Warptech | Cory Friesenhan	In The Stories	4:08	175	F major
2014-08-10	O	Electro	Lensko	Cetus	4:49	128	E minor
2014-08-05	O	Drum & Bass	T & Sugah | Ayve	Cast Away	4:25	116	A major
2014-08-03	O	House	David Bulla	Unexpected	5:00	128	C# minor
2014-07-30	O	Dubstep	Elliot Berger | Ranja	Hold On	5:05	140	B minor
2014-07-27	O	House	Dropouts	Let Go	4:27	128	B minor
2014-07-17	R	House	Tobu	Mesmerize	4:22	128	F# major
2014-07-13	O	House	OLWIK | Alexa Lusader	Taking Over	4:51	128	D minor
2014-07-08	O	Electro	Ramzoid	Electron	5:01	127	G minor
2014-07-06	O	House	Janji | Vivien	Together	3:04	128	C# major
2014-07-02	O	Melodic Dubstep	Venemy | Emily Jane	Heartbeat	3:49	140	B♭ major
2014-06-29	O	House	LarsM | Side-B | Aloma Steele	Over	3:44	128	C minor
2014-06-25	O	Hardcore	Vena Cava | Raya	TOHKA	5:09	170	A minor
2014-06-22	R	House	Tobu	Infectious	5:18	128	A minor
2014-06-15	O	House	Janji | TR	Milky Way Stars	3:14	120	A minor
2014-06-12	O	EP	DM Galaxy | Tyler Fiore	Paralyzed (The Remixes)	19:20	-	-
2014-06-12	O	Dubstep	DM Galaxy | Tyler Fiore	Paralyzed (Krys Talk Remix)	5:16	140	B major
2014-06-12	O	Drum & Bass	DM Galaxy | Tyler Fiore	Paralyzed (Mendum Remix)	6:35	174	D major
2014-06-12	O	Dubstep	DM Galaxy | Tyler Fiore	Paralyzed (Disfigure Remix)	3:41	140	A major
2014-06-08	O	Drum & Bass	Laszlo	Don't Look Down	3:42	175	D major
2014-06-04	O	Melodic Dubstep	Electro-Light | Kathryn MacLean	The Edge	3:24	140	A♭ major
2014-06-01	R	House	Tobu	Life	3:04	128	A minor
2014-05-30	O	Hardstyle	Main Reaktor	Salvation	3:06	150	C major
2014-05-28	O	Dubstep	The Eden Project	Chasing Ghosts	4:53	140	A minor
2014-05-25	O	House	Culture Code | Regoton | Jonny Rose	Waking Up	5:26	128	B♭ minor
2014-05-23	O	Dubstep	Elliot Berger	The Nameless	3:57	140	A major
2014-05-21	O	Drum & Bass	Vena Cava | Jordan Virelli	Handsonic	3:57	175	C# major
2014-05-18	O	House	David Bulla	Highlife	5:50	128	B♭ minor
2014-05-14	O	Hardstyle	Electronic Vibes | Mime	Don't Leave Me	4:01	150	D minor
2014-05-11	O	House	Luke Carpenter | John Ross | Corey Saxon	California	5:48	128	C# minor
2014-05-07	R	Dubstep	Jarvis	Milton Keynes VIP	5:05	140	F# minor
2014-05-04	O	Hardstyle	The Void	Lost Language	4:54	150	A minor
2014-05-01	O	Drum & Bass	Laszlo	Here We Are	4:14	175	A minor
2014-04-27	R	House	Tobu | Itro	Sunburst	3:10	128	A minor
2014-04-22	O	Melodic Dubstep	Morley | Speo	Hope	3:36	140	D minor
2014-04-20	O	House	Electro-Light | Sidekicks	Hold On To Me	3:53	130	C major
2014-04-13	O	House	OLWIK | Johnning	This Life	4:14	128	A♭ major
2014-04-10	O	Drumstep	SirensCeol | Reaktion | The Eden Project	Let You Know	4:35	174	F# minor
2014-04-08	R	Drum & Bass	Rob Gasser | The Eden Project	I'm Here	3:57	174	F# major
2014-04-06	R	Drum & Bass	Virtual Riot	Paper Planes	3:50	175	A minor
2014-04-01	O	House	Vena Cava | Project Veresen | Raya	Flames	6:14	128	F# major
2014-03-30	R	House	Tobu	Hope	4:49	128	B major
2014-03-26	R	Electro	Electric Joy Ride	Origin	5:06	128	B major
2014-03-25	P	Dubstep	PatrickReza | Natasha Mira	Chasing Fire	4:20	140	E♭ major
2014-03-23	O	House	Exit Friendzone | The Eden Project	Iris	5:41	128	A minor
2014-03-17	C	House	Codeko	Crest	5:53	127	B♭ minor
2014-03-09	C	Melodic Dubstep	Electro-Light | Iain Mannix	Clearly (Venemy Remix)	3:51	140	F major
2014-03-04	O	Melodic Dubstep	Laszlo	One Step Away	5:21	145	G minor
2014-03-02	O	Dubstep	Robert Chacon | Robertha Sepulveda	Redshift	4:20	144	G minor
2014-02-28	S	Dubstep	Hansel Thorn	Titan	3:20	140	B minor
2014-02-26	S	Melodic Dubstep	Disfigure	Feeling Defeated	3:57	140	C minor
2014-02-25	O	Melodic Dubstep	DM Galaxy | Tyler Fiore	Paralyzed	3:49	140	A major
2014-02-23	O	Drum & Bass	Sub.Sound	Feel The Buzz	5:15	174	E major
2014-02-20	S	Dubstep	DatPhoria	Play This Game (EH!DE Remix)	5:31	146	E minor
2014-02-20	C/R	Melodic Dubstep	Kasbo	Steps			
2014-02-19	P	Electro	The Noisy Freaks	Hell And Back			
2014-02-16	O	Drum & Bass	Laszlo	Fall To Light	3:02	175	B major
2014-02-12	O	Drumstep	Warptech	Last Summer	4:06	174	B♭ major
2014-02-09	R	House	Tobu	Colors	4:39	128	F# minor
2014-02-02	O	Drum & Bass	Audioscribe	Free Fall	4:07	175	E minor
2014-02-01	S	Dubstep	Bad Catholics | Dec3mber	I Want You			
2014-01-30	C	Trap	Aero Chord | DDARK	Shootin' Stars	4:24	140	G minor
2014-01-28	P	House	The Two Friends | Jeff Sontag | I Am Lightyear	Brighter			
2014-01-27	S	Glitch Hop	nanobii	Sugar Rush (Laszlo Remix)			
2014-01-26	C/R	House	Tobu	Seven	3:50	128	F# minor
2014-01-22	P	Melodic Dubstep	Reeves Raymond | Alex Staltari | Diana Orga	Brighter Lights (Culture Code Remix)			
2014-01-19	C	Drum & Bass	Disfigure	Summer Tune	3:14	174	D major
2014-01-15	P	Melodic Dubstep	PRFFTT & Svyable | Jonny Rose	Turn It Up			
2014-01-13	S	Melodic Dubstep	Speo	Sky			
2014-01-12	C	Electro	Matthew Blake | Katie Boyle	Saved Me Now	5:22	128	D major
2014-01-08	C	Drumstep	Warptech | Cory Friesenhan	Resolution	4:08	165	E minor
2013-12-26	C	Electro	Laszlo	Imaginary Friends	6:20	127	C major
2013-12-22	R	Electro	K-391 | Cory Friesenhan	Dream Of Something Sweet	4:31	128	E♭ major
2013-12-21	S	House	K-391 | Santa Claus	Ho Ho Ho			
2013-12-18	S	Dubstep	Raya	Stars (Vena Cava Remix)			
2013-12-16	C	Melodic Dubstep	Venemy | Aznar | Double Take	Reign	4:13	140	F minor
2013-12-15	P	Dubstep	xKore | F3tch	Ladies			
2013-12-11	P	Drum & Bass	Fox Stevenson	Better Now			
2013-12-08	C	House	Spektrem	Shine (Gabriel Drew & Bloom Remix)	4:28	128	A♭ major
2013-12-01	P	Drum & Bass	Terravision | Neels B	Alive			
2013-11-29	S	Dubstep	RW	I Feel Wonderful			
2013-11-28	O	Drum & Bass	Aero Chord	Time Leap	3:40	170	F major
2013-11-26	C	House	Verm	Explode VIP	8:09	128	A minor
2013-11-24	P	Dubstep	Just A Gent	A Song Of Fire & Ice (Sarah Stone Edit) (Vendetta Remix)			
2013-11-22	P	House	Resistance	Start Your Engines			
2013-11-21	P	Drum & Bass	Submatik | Astrid Destuyver	Stories Can Wait VIP			
2013-11-20	P	Melodic Dubstep	Zerotic	Can You Feel Me (Love Edit)			
2013-11-18	P	Melodic Dubstep	Culture Code | Alexa Ayaz	Slow Burn			
2013-11-13	C	Drumstep	Different Heaven | EH!DE	My Heart	4:27	174	G minor
2013-11-10	P	House	Mako | Connie Sewell | Angel Taylor	Our Story (Teqq Remix)			
2013-11-09	S	Melodic Dubstep	Vealon	Quantum Circles			
2013-11-06	P	Dubstep	PatrickReza | Jilian	Take Me Away			
2013-11-03	P	House	Laszlo	Nothing Yet			
2013-10-31	S	Drum & Bass	Extan | Sanna Hartfield	I'm Gone			
2013-10-30	P	Glitch Hop	Virtual Riot	Troublemaker			
2013-10-28	S	Drumstep	Savant	Vanity			
2013-10-24	P	Dubstep	Diamond Pistols | Anna Yvette	Twerk (Aero Chord Remix)			
2013-10-22	S	Melodic Dubstep	T-Mass	Neglected Perfection			
2013-10-20	C	Drum & Bass	JIKES | Nori	Let's Fly Away pt. II	5:13	173	E major
2013-10-16	P	House	Mako | Connie Sewell | Angel Taylor	Our Story			
2013-10-12	S	Melodic Dubstep	Just A Gent	A Song Of Fire & Ice (Sarah Stone Edit)			
2013-10-08	P	Drumstep	Psycho Crooks	Nostalgia			
2013-10-06	P	Dubstep	The Two Friends | Jeff Sontag	Sedated (Culture Code Remix)			
2013-10-02	P	Dubstep	DNNYD | DyCy	Don't Hold Me Back (Couzare Remix)			
2013-09-29	P	House	Teqq	Freedom			
2013-09-26	P	Drum & Bass	Vendetta | Koda	Don't Stop			
2013-09-23	P	Melodic Dubstep	EvenS	Tell			
2013-09-19	P	Dubstep	Desmeon	My Sunshine			
2013-09-15	P	Melodic Dubstep	Don Diablo | Matt Nash | Noonie Bao	Starlight (Could You Be Mine) (Collin McLoughlin Remix)			
2013-09-14	P	Glitch Hop	Vena Cava	Primer			
2013-09-10	S	Melodic Dubstep	Mako | Angel Taylor	Beam (Skrux Remix)			
2013-09-08	P	Melodic Dubstep	AZEDIA	Something (Rameses B Remix)			
2013-09-04	P	Melodic Dubstep	Collin McLoughlin | Acetronik	Broken			
2013-09-01	P	Drum & Bass	S3RL | Sara	Feel The Melody (Synx Remix)			
2013-08-26	S	Dubstep	Gentlemen Thieves	Mike Tyson			
2013-08-25	P	Drumstep	High Maintenance	Smash Brothers			
2013-08-23	S	Melodic Dubstep	Collin McLoughlin	Shooting Star			
2013-08-20	S	Melodic Dubstep	MitiS	Brings Renewal (Phonic Zest Remix)			
2013-08-18	P	Melodic Dubstep	PRFFTT & Svyable | Crywolf	We Are			
2013-08-15	P	Drum & Bass	Duelle | CiRRO	Your Addiction (Nasty Attack Remix)			
2013-08-11	P	Dubstep	Vandalism | Nick Clow	Anywhere Else Tonight (Bone N Skin Remix)			
2013-08-10	S	Dubstep	Spag Heddy	Embrass			
2013-08-04	P	Melodic Dubstep	Dualistic | Meron Ryan	The One			
2013-07-28	S	Dubstep	Marco Denmark | Casey Barnes	Tiny Dancer (T-Mass Remix)			
2013-07-28	S	Dubstep	Röyksopp | Susanne Sundfør	Running To The Sea (Protohype & Carnage Remix)			
2013-07-28	S	Dubstep	Lazy Rich | Hirshee | Amba Shepherd	Damage Control (Spaarkey Remix)			
2013-07-27	S	House	K-391	This Is Felicitas			
2013-07-26	S	Dubstep	Spag Heddy	If U Feel			
2013-07-24	P	Dubstep	Fox Stevenson	Sandblast			
2013-07-21	S	Melodic Dubstep	Elliot Berger | Laura Brehm	Diamond Sky (Electus Remix)			
2013-07-21	S	Melodic Dubstep	Neutralize | Emily Underhill	Shining Through The Light (Fracx Remix)			
2013-07-21	S	Melodic Dubstep	K-391	So Slowly			
?	S	Melodic Dubstep	Spaarkey	Success			
2013-07-21	S	Melodic Dubstep	Alerion	Curiosity (Bēsu Remix)			
?	S	House	Unlike Pluto	Focus			
2013-07-15	P	House	The Two Friends | Jeff Sontag	Sedated			
2013-07-11	P	Hip Hop	Eminem	Everybody From The 313 (Vanic Remix)			
2013-07-07	P	Drumstep	Krys Talk	Letting Go (Rootkit Remix)			
2013-07-03	P	Dubstep	Tisoki | Diamond Eyes	MMXIII (Ray Volpe Remix)			
2013-06-30	P	Dubstep	Bourke & Vegas	I'm Alive (MUST DIE! Remix)			
2013-06-29	P	Hip Hop	Marvin Divine	Still Got It			
?	S	Dubstep	Urbanstep	Never Forget			
?	S	Drum & Bass	Emalkay	Bring It Down (FriskyNippa Remix)			
2013-06-27	C	Drum & Bass	Audioscribe	Skyline	4:07	174	G major
2013-06-25	S	House	ASTR	Operate (The Chainsmokers Remix)			
2013-06-23	P	House	Mutrix | Charity Vance	Come Alive (The Two Friends Remix)			
2013-06-18	S	Glitch Hop	Howla	Okay Boogie			
2013-06-17	P	Drumstep	Dope Arcade	Ascension (MitiS Remix)			
2013-06-11	P	Drumstep	Duelle | CiRRO	Your Addiction (Culture Code Remix)			
2013-06-09	S	Drumstep	Mortiflux	Imperfection			
2013-06-09	P	Melodic Dubstep	Rameses B	Asteroid			
2013-06-04	S	Dubstep	DKS | Mojo | Katie's Ambition	A Different State			
2013-06-04	P	Drum & Bass	Tall Ships	Best Ever (Draper Remix)			
2013-06-02	P	Drumstep	AlexAnder | Dr. Ozi	Down Low			
2013-05-29	S	Dubstep	Skrux | Felxprod | Complexion	Find You (Clark Kent Remix)			
2013-05-28	P	Drum & Bass	Submatik	Firefly			
2013-05-26	P	Dubstep	Razihel | Dave Revan	Homesick			
2013-05-22	P	House	Anton Wick | Mod Martin	Revolution Love (K-391 Remix)			
2013-05-19	P	Drum & Bass	Morgan Page | Sultan + Ned Shepard | BT | Angela McCluskey	In The Air (Extan Remix)			
2013-05-17	S	Dubstep	OneRepublic	If I Lose Myself (Culture Code Remix)			
2013-05-16	P	Drumstep	Kasbo	Horizon			
2013-05-15	S	Dubstep	Tisoki | Diamond Eyes	MMXIII			
2013-05-12	P	Drum & Bass	Extan | RomyHarmony	New World			
2013-05-11	S	House	Infinite Sole | Raycee & Mills	Your Heaven			
2013-05-11	S	Dubstep	Krause	Human (Spag Heddy Remix)			
2013-05-10	S	Dubstep	Skrux | Felxprod | Complexion	Find You			
2013-05-09	P	Dubstep	Brenton Mattheus	Overcome (SirensCeol Remix)			
2013-05-08	P	Dubstep	Jamar Rogers	High (Kit Fysto Remix)			
2013-05-05	C	House	Spektrem	Shine	5:15	128	F minor
2013-05-01	S	Drum & Bass	Cosmistic	Food For The Gods			
2013-05-01	C	Melodic Dubstep	Disfigure	Blank	3:29	140	B minor
2013-04-28	P	Dubstep	Kirsty Hawkshaw	Reasons To Forgive (T-Mass Remix)			
2013-04-26	S	Dubstep	Spag Heddy	Cheese & Metal			
2013-04-25	P	Drum & Bass	Stan SB	Let This Go			
2013-04-22	S	Dubstep	Young London	Broken (Culture Code Remix)			
2013-04-21	P	House	K-391 | Gjermund Olstad	Brimleik 2013			
2013-04-08	P	Dubstep	Krewella	Come And Get It (Razihel Remix)			
2013-04-03	P	House	Sender	Love (Tom Reason Remix)			
2013-03-31	C	Dubstep	Tetrix Bass | Veela	The Light	3:04	140	D major
2013-03-29	C	Melodic Dubstep	SirensCeol	Coming Home	4:43	140	F minor
2013-03-27	S	House	Tobu	Floating			
2013-03-24	C/R	Melodic Dubstep	Electus | Charlotte Haining	Fallen			
2013-03-23	S	House	OVERWERK	12:30			
2013-03-21	P	Drumstep	MitiS | Anna Yvette	Rust			
2013-03-18	P	Melodic Dubstep	Goldman	Catch You (SizzleBird Remix)			
2013-03-16	C/R	Electro	Ahrix	Nova			
2013-03-15	S	House	The Two Friends | I Am Lightyear	Your Song (SirensCeol Remix)			
2013-03-14	S	Dubstep	Urbanstep | Em Bollon	Unreachable			
2013-03-14	P	Dubstep	IDestiny | Chloe Emerson	Intoxication			
2013-03-12	P	House	James Egbert	Back To New (The Two Friends Remix)			
2013-03-10	C/R	Glitch Hop	Sync Diversity | Paul Atrocity	We Going On			
2013-03-09	P	Dubstep	Mandy Capristo	The Way I Like It (Mutrix Remix)			
2013-03-05	P	Electro	Mako | Angel Taylor	Beam			
2013-03-03	P	Melodic Dubstep	MisTa - T	Illusions			
2013-03-02	P	Hip Hop	KYLE	Keep It Real (Steezefield Remix)			
2013-03-02	P	Dubstep	Flixxcore	One Second (Sync Diversity Remix)			
2013-02-27	P	House	Paris Blohm | Mako | Angel Taylor	You Were Here			
2013-02-25	P	Drumstep	Carousel	Stay Awake (DotEXE Remix)			
2013-02-24	P	House	Steerner | Tjernberg | Brenton Mattheus	Zyzz			
2013-02-23	P	Drumstep	MitiS	Innocent Discretion			
2013-02-19	P	Dubstep	T-Mass	Beauty In Thirds			
2013-02-18	S	Melodic Dubstep	Rameses B | Charlotte Haining	I Need You (Bēsu Remix)			
2013-02-13	P	Melodic Dubstep	SoundNet | Charlotte Rose Ellis	A Single Step			
2013-02-10	P	Dubstep	Mutrix | Vena Cava | Charity Vance	Moments			
2013-02-09	P	Electro	K-391 | Gjermund Olstad	Dollardåsene 2013			
2013-02-07	P	Melodic Dubstep	Clinton VanSciver | Swedish Egil	Love Letters (MitiS Remix)			
2013-02-03	P	House	Culture Code | Brenton Mattheus	On My Own			
2013-01-26	P	Melodic Dubstep	MitiS | MaHi	Blu			
2013-01-24	P	Dubstep	SmoothiesForMe	Forbidden (System Remix)			
2013-01-22	P	Hip Hop	Abstract | Craig McAllister	Phoenix			
2013-01-20	S	Dubstep	Xilent	Choose Me pt. II (Syrebral Remix)			
2013-01-20	P	Melodic Dubstep	One Sixth Of Tommy	It's Alright (Cillo Remix)			
2013-01-18	P	Dubstep	Culture Code | Lisa Rowe	Over Again			
2013-01-15	P	Glitch Hop	Klaypex	Jump			
2013-01-13	P	House	Krewella	Alive (Moore Remix)			
2013-01-11	P	Drum & Bass	Seven Lions | Fiora	Days To Come (Dead Battery Remix)			
2013-01-08	P	Hip Hop	Bandana Split	Let Me Be			
2013-01-06	P	Dubstep	Engine-EarZ Experiment | Lena Cullen	Reach You (The Killabits Remix)			
2013-01-06	P	Drumstep	Stan SB	Stratosphere			
2012-12-30	P	Dubstep	Razorback	Makes Me Ill			
2012-12-28	P	Drum & Bass	Stan SB	Dead			
2012-12-27	P	Hip Hop	Sky Rizzo	Dude			
2012-12-23	P	Dubstep	Krewella	Alive (Stephen Swartz Remix)			
2012-12-21	P	Hip Hop	Marvin Divine | Saiith | SimsBeats	Dreamers			
2012-12-20	P	Dubstep	Bombs and Bottles	Money 3.0			
2012-12-16	P	Melodic Dubstep	Youngblood Hawke	We Come Running (Warriyo Remix)			
2012-12-13	P	Dubstep	Arkasia	Soldiers			
2012-12-10	P	Hip Hop	Bandana Split	Hello World			
2012-12-07	P	Dubstep	Zedd | Foxes	Clarity (Aylen Remix)			
2012-12-05	P	Drumstep	New Ivory	Day By Day (Karetus Remix)			
2012-12-02	P	Drum & Bass	Jakwob | Rocky NTI	Blinding (Kasger Remix)			
2012-11-30	P	Dubstep	Krewella	Can't Control Myself (Protohype Remix)			
2012-11-26	S	Hip Hop	Abstract | Craig McAllister	One Shot			
2012-11-22	P	Drum & Bass	Kubix | Nori	Show Your Smile (JIKES Remix)			
2012-11-18	P	Drumstep	MitiS	Endeavors			
2012-11-16	P	Hip Hop	Sky Rizzo | Clams Casino	Mind Plays			
2012-11-12	P	Dubstep	CAZZETTE | Eva Simons	Renegade (James Egbert Remix)			
2012-11-04	P	Melodic Dubstep	Stephen Swartz | Joni Fatora	Bullet Train			
2012-11-01	P	Electro	Pacific Air	Float (TheFatRat Remix)			
2012-10-31	P	Drum & Bass	Skollie	Spaceman			
2012-10-29	P	Dubstep	Obsidia | CoMa	Falling			
2012-10-24	P	Drum & Bass	Casey Abrams	Get Out (Keeno Remix)			
2012-10-23	S	Dubstep	Paul Atrocity | Lindsey	Afterglow			
2012-10-21	P	Melodic Dubstep	MitiS	In My Eyes			
2012-10-19	P	Drum & Bass	Bustre	Where Have You Been			
2012-10-15	P	Melodic Dubstep	Bombs and Bottles	Pregame (SKITZ Remix)			
2012-10-10	P	House	Trifonic | Amelia June	Lies (Teqq Remix)			
2012-10-08	P	Dubstep	Lisa Rowe	Black Light (Virtual Riot Remix)			
2012-10-03	P	Hip Hop	ProleteR | The Roots	April Showers & Get Busy (Big Z Mashup)			
2012-10-02	S	Drum & Bass	Katy Perry	Wide Awake (Drifta Remix)			
2012-09-28	P	Melodic Dubstep	MitiS	Born			
2012-09-24	P	Hip Hop	Jake Miller | Hi-Rez	Hold On			
2012-09-23	P	Melodic Dubstep	Kaskade | Rebecca & Fiona	Turn It Down (A.N.O. Remix)			
2012-09-18	P	Dubstep	Lupe Fiasco | Matthew Santos | TheFatRat	American Terrorist pt. II			
2012-09-14	P	Drum & Bass	High Maintenance	Drop It			
2012-09-09	P	Dubstep	Meiko	Leave The Lights On (Bronze Whale Remix)			
2012-09-05	P	Dubstep	Klaypex	Shotgun			
2012-09-02	P	Pop	Bright Eyes	First Day Of My Life (Mac Miller Cover)			
2012-08-30	P	Hip Hop	Hoodie Allen | RJF	Feel The Love			
2012-08-26	P	Melodic Dubstep	Mumford & Sons	Little Lion Man (Hot Young Girls Remix)			
2012-08-21	P	Melodic Dubstep	DVBBS | Hayley Gene	DRVGS (Klaypex Remix)			
2012-08-19	P	Hip Hop	Cam Meekins | Hannah Georgas	Sharks			
2012-08-15	P	Melodic Dubstep	Fracx	In Your Memory			
2012-08-10	P	Dubstep	501	Falling Skies (Rizzla Tokes Remix)			
2012-08-05	P	Dubstep	Annie Rise	Get Into My Car (Paul Atrocity Remix)			
2012-07-31	P	Hip Hop	Hoodie Allen | Something Silent	Hey Now			
2012-07-25	P	Drum & Bass	Rameses B | Holly Drummond	Dreaming			
2012-07-21	P	Hip Hop	Avicii	Levels (Illy & M-Phazes Remix)			
2012-07-18	P	Melodic Dubstep	The Civil Wars | Taylor Swift	Safe & Sound (Bustre Remix)			
2012-07-18	P	Drum & Bass	Dimension	Delight			
2012-07-13	P	Dubstep	Adventure Club	Wait (Kannamix Remix)			
2012-07-11	P	Hip Hop	Theophilus London | A$AP Rocky | Carnage	Big Spender			
2012-07-06	P	Drumstep	Zedd | Matthew Koma	Spectrum (Bogusdank & Electrode Remix)			
2012-07-03	P	Hip Hop	Flo Rida	Whistle (Jake Miller Remix)			
2012-07-01	P	Electro	Empire Of The Sun	Walking On A Dream (Kids At The Bar Remix)			
2012-06-24	P	Dubstep	Metric	Artificial Nocturne (Love Thy Brother Remix)			
2012-06-23	P	Hip Hop	Randolph	Kick & Snare			
2012-06-18	P	Melodic Dubstep	Sia	Breathe Me (Butch Clancy Remix)			
2012-06-10	P	Hip Hop	Mac Miller | Pharrell	Onaroll			
2012-06-10	P	Hip Hop	The Cave Boys	Like That			
2012-06-03	P	Dubstep	Band Of Horses	The Funeral (Sound Remedy Remix)			
2012-05-28	P	Drum & Bass	Smooth	Timeless			
2012-05-25	P	Melodic Dubstep	Bob Marley	Is This Love (Lojik Remix) (Mt Eden Edit)			
2012-05-25	P	Hip Hop	Mod Sun | Pat Brown	Happy As Fuck			
2012-05-20	C/R	Drumstep	DJ ASSASS1N	Frag Out			
2012-05-12	P	Drum & Bass	Feint	Laurence			
2012-05-11	P	Dubstep	Flight Facilities | Giselle	Crave You (Adventure Club Remix)			
2012-05-10	P	Dubstep	Cassius	I Love U So (Schoolboy Remix)			
2012-05-08	P	Hip Hop	Logic	Inception			
2012-05-04	P	Drum & Bass	Fenech-Soler	Demons (Trippcore Remix)			
2012-04-29	P	Dubstep	xKore | Zoe & Naomi	Need You (Centra Remix)			
2012-04-27	P	Hip Hop	B.o.B	So Good (Mike Stud & Missy Modell Remix)			
2012-04-26	P	Drum & Bass	Feint | Fiction	The Catch			
2012-04-22	P	Hardcore	Receptor	Friendship			
2012-04-19	P	Drum & Bass	17th Boulevard	Memories VIP			
2012-04-16	P	Drum & Bass	Hadouken!	Parasite			
2012-04-15	P	Hip Hop	Carly Rae Jepsen	Call Me Maybe (Huey Mack Remix)			
2012-04-12	P	Other	Drop Electric	Santo Domingo			
2012-04-08	P	Drum & Bass	Finley Quaye | William Orbit	Dice (Engage Remix)			
2012-04-01	P	Rock	Maroon 5 | Christina Aguilera	Moves Like Jagger (Crown The Empire Cover)			
2012-03-26	P	Hip Hop	Ross Bane | J Gramm	Serotonin			
2012-03-23	P	House	Aer	Shot Clock			
2012-03-18	P	Dubstep	The White Stripes	Seven Nation Army (The Glitch Mob Remix)			
2012-03-17	P	Dubstep	Rogue	Kony 2012			
2012-03-13	P	Hip Hop	OnCue | Party Supplies | Just Blaze | Mike Kuz	New Religion			
2012-03-10	P	Dubstep	RG Beats | Darryl White	Hype			
2012-03-09	P	Dubstep	Bustrexx	Secret Weapons VIP			
2012-03-07	P	Dubstep	Goldhawks	Keep The Fire (Bar9 Remix)			
2012-03-04	P	Dubstep	Fytch | Captain Crunch | Carmen Forbes | Stig of the Dump	Raindrops			
2012-03-03	P	Hip Hop	Foster The People	Pumped Up Kicks (YONAS Remix)			
2012-03-02	P	House	Alesso | Sebastian Ingrosso | Ryan Tedder | Gotye | Kimbra	Calling Somebody (DJ DMT & Moonflower Mashup)			
2012-02-29	P	Melodic Dubstep	Ultima C	Truly Unspoken			
2012-02-26	P	Dubstep	Moleman	Rush			
?	P	House	Avicii | The Knocks	Dancing With Avicii (Captain Cuts Mashup)			
2012-02-21	P	Hip Hop	E-Dubble | Villain	Grey Skies			
2012-02-19	P	Other	John Murphy	Flying Home			
2012-02-16	P	Rock	Eminem | Rihanna	Love The Way You Lie (I Am King Cover)			
2012-02-14	P	Electro	Foster The People	Don't Stop (TheFatRat Remix)			
2012-02-11	P	Melodic Dubstep	Semisonic | The Commission | Jay-Z | The Notorious B.I.G.	Time For What You Want (Brenton Duvall Mashup)			
2012-02-10	P	Hip Hop	OnCue | CJ Luzi	Feel Tall			
2012-02-07	P	Dubstep	501 | Belle Humble	HeadRush			
2012-02-04	P	Hip Hop	ScHoolboy Q | A$AP Rocky	Hands On The Wheel			
2012-02-02	P	Hip Hop	KO93	Big Dreams			
2012-01-25	P	Drum & Bass	Bustrexx | Lights	Careless			
2012-01-22	P	Dubstep	Maroon 5 | Christina Aguilera	Moves Like Jagger (Team RG Remix)			
2012-01-19	P	Glitch Hop	Klaypex	Feel Alright			
2012-01-17	P	Other	John Williams	Cantina Band (Stan SB Remix)			
2012-01-17	P	Dubstep	Trophy Wife	Microlite (Zen Death Squad Remix)			
2012-01-13	P	Drum & Bass	Russo | Dot Rotten	Bad Tonight (Shock One Remix)			
2012-01-12	P	Hip Hop	Calvin Coolidge | Sawyer Beats	Fallin'			
2012-01-08	P	Other	John Murphy	Strobe			
2012-01-05	P	Melodic Dubstep	Afrojack | Steve Aoki | Miss Palmer	No Beef (ENiGMA Dubz Remix)			
2012-01-03	P	Melodic Dubstep	Hans Zimmer	Time (We Plants Are Happy Plants Remix)			
2012-01-01	P	Rock	Tomanandy	Rooftop			
2011-12-26	P	Rock	Audiomachine	Siege Towers			
2011-12-24	P	Hip Hop	Matlock | Mr. Green	Brand New Nikes			
2011-12-18	P	Dubstep	Labrinth | Tinie Tempah	Earthquake (RG Remix)			
2011-12-14	P	Melodic Dubstep	mindthings	Consequences Of Unseen Effects (Tenkah Remix)			
2011-12-11	P	Hip Hop	June Haze | True Tracks	Purple			
2011-12-08	P	Dubstep	Team RG	Hero			
2011-12-05	P	Electro	Pronobozo	Every Day Is A Saturday			
2011-12-02	P	Dubstep	Antoine Lavenant	Street Fighter VIP			
2011-12-01	P	Hip Hop	Mt Eden | QuESt	The Walk			
2011-11-28	P	Melodic Dubstep	Burial	Dog Shelter (Essáy Remix)			
2011-11-26	P	Drum & Bass	Rostik | Holly Drummond	One Day, Things Will All Be Different (NCT Remix)			
2011-11-24	P	Dubstep	Foster The People	Pumped Up Kicks (Butch Clancy Remix)			
2011-11-20	P	Dubstep	Pixies	Where Is My Mind? (Bassnectar Remix)			
2011-11-18	P	Drum & Bass	Feint	Lift			
2011-11-16	P	Dubstep	Two Door Cinema Club	What You Know (Feed Me Cover)			
2011-11-11	P	Rock	Satellite Stories	Helsinki Art Scene			
2011-11-09	P	Drum & Bass	The Verve	Bitter Sweet Symphony (cornandbeans Remix)			
2011-11-06	P	Hip Hop	MFoe	You Be Killin' 'Em			
2011-11-04	P	Dubstep	Band Of Horses	The Funeral (Butch Clancy Remix)			
2011-11-03	P	Hip Hop	Pat SoLo | Young Mel | Swagga Bob | Omari MC	Movin' Out			
2011-11-01	P	Electro	Two Door Cinema Club	What You Know (Religion Remix)			
2011-10-30	P	Dubstep	Darren Styles | Francis Hill | Lucy	Here Tonight (Christian The Lion Remix)			
2011-10-29	P	Hip Hop	Dirty Cannibal Peasants	Chains & Hookz (Nikodeamus Remix)			
2011-10-28	P	Melodic Dubstep	Nelly Furtado	Magical World (Bassnectar Remix)			
2011-10-27	P	Hip Hop	Red Hot Chili Peppers | Lil Wayne | Kanye West	Red Hot Chilipop (WhiteNoiseMashups Mashup)			
2011-10-26	P	House	Avicii | Flo Rida	Levels & Good Feeling (Mashup)			
2011-10-25	P	Rock	White Comic	This Ain't The End Of Me			
2011-10-23	P	Hip Hop	Fort Minor | Apathy | Styles of Beyond	Bloc Party			
2011-10-22	P	Drum & Bass	Maxim | Skin	Carmen Queasy (Engage & Receptor Remix)			
2011-10-21	P	Dubstep	DJ Khaled | Drake | Rick Ross | Lil Wayne	I'm On One (KillaGraham Remix)			
2011-10-20	P	Drum & Bass	Mastgrr	Picard Song (Earl Grey Remix)			
2011-10-19	P	Hip Hop	Aloe Blacc	I Need A Dollar (Chris Webby & Mac Miller Remix)			
2011-10-18	P	Drum & Bass	Indivision | Livewire | Tasha Baxter	Won't You Stay			
2011-10-17	P	Rock	Saosin	You Never Noticed Me			
2011-10-15	P	Hip Hop	E-Dubble	Automatic			
2011-10-13	P	Dubstep	Cassius	I Love U So (TROWA Remix)			
2011-10-11	P	Hip Hop	Kanye West | Lil Wayne	Barry Bonds (R3K Remix)			
2011-10-08	P	Dubstep	OceanLab	Satellite (Arkasia Remix)			
2011-10-04	P	Dubstep	Mavado	Delilah (Diplo Remix)			
2011-09-29	P	Hip Hop	Kid Cudi	Falling Star (R3K Remix)			
2011-09-28	P	Drum & Bass	The Qemists | Kellermensch	Bones			
2011-09-26	P	Dubstep	Magnetic Man | Angela Hunte	I Need Air (Knight Riderz Remix)			
2011-09-25	P	Melodic Dubstep	Mario M	EvaC			
2011-09-25	P	Glitch Hop	Gym Class Heroes | Adam Levine	Stereo Hearts (Dillon Francis Remix)			
2011-09-23	P	House	Jorge Quintero	300 Violin Orchestra			
2011-09-22	P	Dubstep	Adele | Skrillex | Bare Noize	Set Fire To Everybody (ca7 Mashup)			
2011-09-21	P	Hip Hop	Taylor Swift | Wale | Curren$y | Tre	Fearless Word Play (SnakeBit Mashup)			
2011-09-19	P	Hip Hop	Lil Wayne | Clams Casino	Swag Surfing & I'm God (Mashup)			
2011-09-19	P	Hip Hop	Macklemore	Irish Celebration			
2011-09-18	P	Hip Hop	E-Dubble	Sidelines			
2011-09-17	P	Hip Hop	Notch | DJ Mummy	Nuttin' Nuh Go So (Sean Paul Remix)			
2011-09-16	P	Melodic Dubstep	Arkasia	Pandemonium			
2011-09-15	P	Drumstep	Mattafix	Big City Life (Stylust Remix)			
2011-09-14	P	Dubstep	Meg & Dia	Monster (DotEXE Remix)			
2011-09-12	P	Hip Hop	The Cave Boys	Life's Good			
2011-09-11	P	Other	Hecq	Dstrukt			
2011-09-10	P	Hip Hop	Macklemore & Ryan Lewis | Fences	Otherside			
2011-09-08	P	Electro	The Glitch Mob	Animus Vox			
2011-09-09	P	Dubstep	Katy Perry | Kanye West	E.T. (Eyes & Dave Silcox Remix)			
2011-09-08	P	Melodic Dubstep	Allie Moss	Corner (Titch Remix)			
2011-09-07	P	Dubstep	Mt Eden Dubstep | Freshlyground	Sierra Leone			
2011-09-06	P	Drum & Bass	Jefferson Airplane	Somebody To Love (Camo & Krooked Remix)			
2011-09-05	P	Rock	I Will Never Be The Same	Worldless			
2011-09-04	P	Drum & Bass	Armin van Buuren | Audrey Gallagher	Hold On To Me (Subsonik & Kiro Remix)			
2011-09-03	P	Rock	Celldweller	Eon			
2011-09-02	P	Dubstep	Arkasia	New World Disorder			
2011-09-01	P	Hip Hop	OnCue | CJ Luzi	It Usually Goes			
2011-08-31	P	Drum & Bass	The Qemists | Zoe Devlin Love	S.W.A.G.			
2011-08-30	P	Dubstep	N.A.S.A. | Kanye West | Santigold | Lykke Li	Gifted (Masuka Remix)			
2011-08-29	P	Drum & Bass	Clint Mansell	Requiem For A Dream (Ozma Remix)			
2011-08-28	P	Hip Hop	E-Dubble | Peter Muth	Night Table			
2011-08-27	P	Hip Hop	Hoodie Allen	The Chase Is On			
2011-08-26	P	Drum & Bass	The Qemists	Stompbox (Spor Remix)			
2011-08-25	P	Hip Hop	Hoodie Allen	You Are Not A Robot			
2011-08-23	P	Dubstep	Klaypex	Lights			
2011-08-22	P	Hip Hop	The Dean's List	Dear Professor			
2011-08-22	P	Electro	Nalepa	Monday (The Glitch Mob Remix)			
2011-08-21	P	Hip Hop	E-Dubble	Be A King			
2011-08-20	P	Dubstep	Kraddy	Android Porn			
2011-08-19	P	Hip Hop	E-Dubble	Let Me Oh			
2011-08-18	P	Dubstep	Foreign Beggars | Skrillex	Still Getting It			
2011-08-17	P	Dubstep	LMFAO | Lauren Bennett | GoonRock	Party Rock Anthem (Arion Remix)			
2011-08-16	P	Drum & Bass	Gorillaz | De La Soul	Feel Good Inc. (X-Plorer & Dee'Pulse Remix)			
2011-08-15	P	Hip Hop	Rizzle Kicks	Down With The Trumpets			
2011-08-14	P	Drum & Bass	Tapolsky | X-Bass	Without You			
unverified	P?	Melodic Dubstep	Birdy	Shelter (Owsey Remix)			
unverified	P?	Rock	Secrets In Stereo	Again (Instrumental)			
unverified	P?	Hip Hop	Rich Boy | Wiz Khalifa	Throw Some Black and Yellow (DJ Bliss Mashup)			
